REW7065478002|99.00|T-Mold Walnut Clarion 78"
REW7065378002|99.00|T-Mold Walnut Natural 78"
REW7898078738|99.00|Stairnose European Oak Amalfi 78"
REW7484078738|99.00|Stairnose European Oak Milano 78"
REW7483978738|99.00|Stairnose European Oak Napoli 78"
REW7484678738|99.00|Stairnose European Oak Sesia 78"
REW7484378738|99.00|Stairnose European Oak Sila 78"
REW7753778712|129.00|Stairnose European Oak Pierlas 78"
REW7661978712|119.00|Stairnose European Oak Archail 78"
REW7661178712|99.00|Stairnose European Oak Reverie 78"
REW5236578712|99.00|Stairnose European Oak Trinidad 78"
REW7441378721|89.00|Stairnose European Oak Sava 78"
REW6344878721|89.00|Stairnose European Oak Elbe 78"
REW6784378738|99.00|Stairnose European Oak Mannu 78"
REW6716778738|99.00|Stairnose European Oak Leone 78"
REW6716678738|99.00|Stairnose European Oak Vela 78"
REW6716578738|99.00|Stairnose European Oak Ancona 78"
REW5441778738|99.00|Stairnose European Oak Luna 78"
REW7898078737|69.00|Reducer European Oak Amalfi 78"
REW7483878737|69.00|Reducer European Oak Ravenna 78"
REW7484778737|69.00|Reducer European Oak Diano 78"
REW7484478737|69.00|Reducer European Oak Fiori 78"
REW7064778720|69.00|Reducer White Oak Butler 78"
REW5622278710|69.00|Reducer White Oak Pavone 78"
REW5236178710|69.00|Reducer European Oak Curacao 78"
REW6344878720|59.00|Reducer European Oak Elbe 78"
REW6716678737|69.00|Reducer European Oak Vela 78"
REW5441778737|69.00|Reducer European Oak Luna 78"
REW7128078707|69.00|Reducer European Oak Barant 78"
REW7127978707|69.00|Reducer European Oak Percival 78"
REW7128296001|35.00|Quarter Round Hickory Kay 94"
REW7419178738|99.00|Stairnose European Oak Hatch 78"
REW7419078738|99.00|Stairnose European Oak Sanborn 78"
REW5554278738|99.00|Stairnose European Oak Stratton 78"
REW7753778710|99.00|Reducer European Oak Pierlas 78"
REW7661978710|99.00|Reducer European Oak Archail 78"
REW7661278710|69.00|Reducer European Oak Venelle 78"
REW7661178710|69.00|Reducer European Oak Reverie 78"
REW7660978710|69.00|Reducer European Oak Lauron 78"
REW7419078737|69.00|Reducer European Oak Sanborn 78"
REW5554778737|69.00|Reducer European Oak Fowler 78"
REW5554678737|69.00|Reducer European Oak Hopkins 78"
REW5554578737|69.00|Reducer European Oak Woodson 78"
REW7898078002|69.00|T-Mold European Oak Amalfi 78"
REW7484078002|69.00|T-Mold European Oak Milano 78"
REW7483978002|69.00|T-Mold European Oak Napoli 78"
REW7065278002|69.00|T-Mold White Oak Potter 78"
REW5621878002|69.00|T-Mold White Oak Delfini 78"
REW7779978002|69.00|T-Mold European Oak Tartonne 78"
REW7660878002|69.00|T-Mold European Oak Auvare 78"
REW5236578002|69.00|T-Mold European Oak Trinidad 78"
REW5236078002|69.00|T-Mold European Oak Aruba 78"
REW5235978002|69.00|T-Mold European Oak Nevis 78"
REW6384178002|69.00|T-Mold European Oak Tiber 78"
REW6345078002|69.00|T-Mold European Oak Loire 78"
REW6344878002|69.00|T-Mold European Oak Elbe 78"
REW4956478002|69.00|T-Mold European Oak Conero 78"
REW4956278002|69.00|T-Mold European Oak Capri 78"
REW4956178002|69.00|T-Mold European Oak Vasto 78"
REW7128078002|69.00|T-Mold European Oak Barant 78"
REW7661478712|99.00|Stairnose European Oak La Bonde 78"
REW7661078712|99.00|Stairnose European Oak La Garde 78"
REW7898096001|35.00|Quarter Round European Oak Amalfi 94"
REW7483996001|35.00|Quarter Round European Oak Napoli 94"
REW7484796001|35.00|Quarter Round European Oak Diano 94"
REW7484496001|35.00|Quarter Round European Oak Fiori 94"
REW7065196001|35.00|Quarter Round White Oak Fayette 94"
REW5621896001|35.00|Quarter Round White Oak Delfini 94"
REW7091996001|35.00|Quarter Round European Oak Antigua 94"
REW5236296001|35.00|Quarter Round European Oak Barbados 94"
REW5236196001|35.00|Quarter Round European Oak Curacao 94"
REW6716696001|35.00|Quarter Round European Oak Vela 94"
REW5441796001|35.00|Quarter Round European Oak Luna 94"
REW7419078002|69.00|T-Mold European Oak Sanborn 78"
REW7418978002|69.00|T-Mold European Oak Coburn 78"
REW5554678002|69.00|T-Mold European Oak Hopkins 78"
REW5554578002|69.00|T-Mold European Oak Woodson 78"
REW7753796001|39.00|Quarter Round European Oak Pierlas 94"
REW7661796001|35.00|Quarter Round European Oak Pelisan 94"
REW7661596001|35.00|Quarter Round European Oak Cheval 94"
REW7661296001|35.00|Quarter Round European Oak Venelle 94"
REW7661196001|35.00|Quarter Round European Oak Reverie 94"
REW7419196001|35.00|Quarter Round European Oak Hatch 94"
REW7418996001|35.00|Quarter Round European Oak Coburn 94"
REW5554796001|35.00|Quarter Round European Oak Fowler 94"
REW5554596001|35.00|Quarter Round European Oak Woodson 94"
REW7661478002|69.00|T-Mold European Oak La Bonde 78"
REW7661078002|69.00|T-Mold European Oak La Garde 78"
REW7065378721|129.00|Stairnose Walnut Natural 78"
REW7065478720|99.00|Reducer Walnut Clarion 78"
REW7484178738|99.00|Stairnose European Oak Genoa 78"
REW7483878738|99.00|Stairnose European Oak Ravenna 78"
REW7484578738|99.00|Stairnose European Oak Nera 78"
REW7065278721|99.00|Stairnose White Oak Potter 78"
REW5622678712|99.00|Stairnose White Oak Renzi 78"
REW7779978712|99.00|Stairnose European Oak Tartonne 78"
REW7661778712|99.00|Stairnose European Oak Pelisan 78"
REW7660978712|99.00|Stairnose European Oak Lauron 78"
REW5236078712|99.00|Stairnose European Oak Aruba 78"
REW5235978712|99.00|Stairnose European Oak Nevis 78"
REW5235878712|99.00|Stairnose European Oak Cayman 78"
REW7115878738|99.00|Stairnose European Oak Pelosa 78"
REW4956678738|99.00|Stairnose European Oak Nicola 78"
REW7128178709|99.00|Stairnose European Oak Gareth 78"
REW7128078709|99.00|Stairnose European Oak Barant 78"
REW7127678709|99.00|Stairnose European Oak Galahad 78"
REW7065496719|149.00|Square Stairnose Walnut Clarion 90"
REW7065396719|149.00|Square Stairnose Walnut Natural 90"
REW7483978737|69.00|Reducer European Oak Napoli 78"
REW7484678737|69.00|Reducer European Oak Sesia 78"
REW7484378737|69.00|Reducer European Oak Sila 78"
REW7065278720|69.00|Reducer White Oak Potter 78"
REW7065178720|69.00|Reducer White Oak Fayette 78"
REW7064878720|69.00|Reducer White Oak Cambria 78"
REW5621878710|69.00|Reducer White Oak Delfini 78"
REW7091978710|69.00|Reducer European Oak Antigua 78"
REW5235878710|69.00|Reducer European Oak Cayman 78"
REW7115878737|69.00|Reducer European Oak Pelosa 78"
REW6784378737|69.00|Reducer European Oak Mannu 78"
REW6716778737|69.00|Reducer European Oak Leone 78"
REW6716578737|69.00|Reducer European Oak Ancona 78"
REW4956278737|69.00|Reducer European Oak Capri 78"
REW7127778707|69.00|Reducer European Oak Tristan 78"
REW7127678707|69.00|Reducer European Oak Galahad 78"
REW7660878712|99.00|Stairnose European Oak Auvare 78"
REW6716878738|99.00|Stairnose European Oak Berwick 78"
REW5554678738|99.00|Stairnose European Oak Hopkins 78"
REW5554578738|99.00|Stairnose European Oak Woodson 78"
REW7484778002|69.00|T-Mold European Oak Diano 78"
REW7484678002|69.00|T-Mold European Oak Sesia 78"
REW7484578002|69.00|T-Mold European Oak Nera 78"
REW7484478002|69.00|T-Mold European Oak Fiori 78"
REW7484278002|69.00|T-Mold European Oak Conte 78"
REW7065178002|69.00|T-Mold White Oak Fayette 78"
REW7064978002|69.00|T-Mold White Oak Blair 78"
REW7064878002|69.00|T-Mold White Oak Cambria 78"
REW7064778002|69.00|T-Mold White Oak Butler 78"
REW7661978002|89.00|T-Mold European Oak Archail 78"
REW7661178002|69.00|T-Mold European Oak Reverie 78"
REW7660978002|69.00|T-Mold European Oak Lauron 78"
REW5236178002|69.00|T-Mold European Oak Curacao 78"
REW6344678002|69.00|T-Mold European Oak Rhine 78"
REW6716778002|69.00|T-Mold European Oak Leone 78"
REW6716578002|69.00|T-Mold European Oak Ancona 78"
REW4956678002|69.00|T-Mold European Oak Nicola 78"
REW7127878002|69.00|T-Mold European Oak Elyan 78"
REW7127778002|69.00|T-Mold European Oak Tristan 78"
REW7127678002|69.00|T-Mold European Oak Galahad 78"
REW7065296719|109.00|Square Stairnose White Oak Potter 90"
REW7065196719|109.00|Square Stairnose White Oak Fayette 90"
REW7064996719|109.00|Square Stairnose White Oak Blair 90"
REW7064796719|109.00|Square Stairnose White Oak Butler 90"
REW5622096713|109.00|Square Stairnose White Oak Genova 90"
REW5621896713|109.00|Square Stairnose White Oak Delfini 90"
REW7064896001|35.00|Quarter Round White Oak Cambria 94"
REW7064796001|35.00|Quarter Round White Oak Butler 94"
REW5622696001|35.00|Quarter Round White Oak Renzi 94"
REW5622296001|35.00|Quarter Round White Oak Pavone 94"
REW5622096001|35.00|Quarter Round White Oak Genova 94"
REW5236496001|35.00|Quarter Round European Oak Tortola 94"
REW5235996001|35.00|Quarter Round European Oak Nevis 94"
REW7441396001|35.00|Quarter Round European Oak Sava 94"
REW6345096001|35.00|Quarter Round European Oak Loire 94"
REW6784396001|35.00|Quarter Round European Oak Mannu 94"
REW6716796001|35.00|Quarter Round European Oak Leone 94"
REW4956496001|35.00|Quarter Round European Oak Conero 94"
REW4956296001|35.00|Quarter Round European Oak Capri 94"
REW7127996001|35.00|Quarter Round European Oak Percival 94"
REW7127896001|35.00|Quarter Round European Oak Elyan 94"
REW7127696001|35.00|Quarter Round European Oak Galahad 94"
REW7419178002|69.00|T-Mold European Oak Hatch 78"
REW6716978002|69.00|T-Mold European Oak Nichols 78"
REW5554778002|69.00|T-Mold European Oak Fowler 78"
REW7661478710|69.00|Reducer European Oak La Bonde 78"
REW7661078710|69.00|Reducer European Oak La Garde 78"
REW7660896001|35.00|Quarter Round European Oak Auvare 94"
REW7419096001|35.00|Quarter Round European Oak Sanborn 94"
REW6716896001|35.00|Quarter Round European Oak Berwick 94"
REW5554696001|35.00|Quarter Round European Oak Hopkins 94"
REW7661496001|35.00|Quarter Round European Oak La Bonde 94"
REW7065478721|129.00|Stairnose Walnut Clarion 78"
REW7065378720|99.00|Reducer Walnut Natural 78"
REW7128278709|99.00|Stairnose Hickory Kay 78"
REW7128278707|69.00|Reducer Hickory Kay 78"
REW7128278002|69.00|T-Mold Hickory Kay 78"
REW7484778738|99.00|Stairnose European Oak Diano 78"
REW7484478738|99.00|Stairnose European Oak Fiori 78"
REW7484278738|99.00|Stairnose European Oak Conte 78"
REW7065178721|99.00|Stairnose White Oak Fayette 78"
REW7064978721|99.00|Stairnose White Oak Blair 78"
REW7064878721|99.00|Stairnose White Oak Cambria 78"
REW7064778721|99.00|Stairnose White Oak Butler 78"
REW5622278712|99.00|Stairnose White Oak Pavone 78"
REW5622078712|99.00|Stairnose White Oak Genova 78"
REW5621878712|99.00|Stairnose White Oak Delfini 78"
REW5621478712|99.00|Stairnose White Oak Brazza 78"
REW7661278712|99.00|Stairnose European Oak Venelle 78"
REW7091978712|99.00|Stairnose European Oak Antigua 78"
REW5236478712|99.00|Stairnose European Oak Tortola 78"
REW5236278712|99.00|Stairnose European Oak Barbados 78"
REW6384178721|99.00|Stairnose European Oak Tiber 78"
REW6345078721|89.00|Stairnose European Oak Loire 78"
REW6344678721|89.00|Stairnose European Oak Rhine 78"
REW4956478738|99.00|Stairnose European Oak Conero 78"
REW4956278738|99.00|Stairnose European Oak Capri 78"
REW4956178738|99.00|Stairnose European Oak Vasto 78"
REW7127978709|99.00|Stairnose European Oak Percival 78"
REW7127878709|99.00|Stairnose European Oak Elyan 78"
REW7127778709|99.00|Stairnose European Oak Tristan 78"
REW7484178737|69.00|Reducer European Oak Genoa 78"
REW7484078737|69.00|Reducer European Oak Milano 78"
REW7484578737|69.00|Reducer European Oak Nera 78"
REW7484278737|69.00|Reducer European Oak Conte 78"
REW7064978720|69.00|Reducer White Oak Blair 78"
REW5622078710|69.00|Reducer White Oak Genova 78"
REW5621478710|69.00|Reducer White Oak Brazza 78"
REW5236578710|69.00|Reducer European Oak Trinidad 78"
REW5236478710|69.00|Reducer European Oak Tortola 78"
REW5236278710|69.00|Reducer European Oak Barbados 78"
REW5236078710|69.00|Reducer European Oak Aruba 78"
REW5235978710|69.00|Reducer European Oak Nevis 78"
REW6384178720|69.00|Reducer European Oak Tiber 78"
REW6345078720|59.00|Reducer European Oak Loire 78"
REW6344678720|59.00|Reducer European Oak Rhine 78"
REW4956678737|69.00|Reducer European Oak Nicola 78"
REW4956478737|69.00|Reducer European Oak Conero 78"
REW4956178737|69.00|Reducer European Oak Vasto 78"
REW7128178707|69.00|Reducer European Oak Gareth 78"
REW7127878707|69.00|Reducer European Oak Elyan 78"
REW7065396001|39.00|Quarter Round Walnut Natural 94"
REWREHM842024R|79.00|Reducer Maple Natural 84"
REW7418978738|99.00|Stairnose European Oak Coburn 78"
REW6716978738|99.00|Stairnose European Oak Nichols 78"
REW5554778738|99.00|Stairnose European Oak Fowler 78"
REW7779978710|69.00|Reducer European Oak Tartonne 78"
REW7661778710|69.00|Reducer European Oak Pelisan 78"
REW7660878710|69.00|Reducer European Oak Auvare 78"
REW7419178737|69.00|Reducer European Oak Coburn 78"
REW7418978737|69.00|Reducer European Oak Coburn 78"
REW6716978737|69.00|Reducer European Oak Nichols 78"
REW6716878737|69.00|Reducer European Oak Berwick 78"
REW5554278737|69.00|Reducer European Oak Stratton 78"
REWM3865CSTUSN|69.00|Stairnose Arborea Tulum 78"
REWM3865CSMRRD|59.00|Reducer Arborea Mirador 78"
REW7484178002|69.00|T-Mold European Oak Genoa 78"
REW7483878002|69.00|T-Mold European Oak Ravenna 78"
REW7484378002|69.00|T-Mold European Oak Sila 78"
REW5622678002|69.00|T-Mold White Oak Renzi 78"
REW7753778002|89.00|T-Mold European Oak Pierlas 78"
REW7661778002|69.00|T-Mold European Oak Pelisan 78"
REW7661278002|69.00|T-Mold European Oak Venelle 78"
REW5236478002|69.00|T-Mold European Oak Tortola 78"
REW5236278002|69.00|T-Mold European Oak Barbados 78"
REW5235878002|69.00|T-Mold European Oak Cayman 78"
REW7115878002|69.00|T-Mold European Oak Pelosa 78"
REW6784378002|69.00|T-Mold European Oak Mannu 78"
REW6716678002|69.00|T-Mold European Oak Vela 78"
REW5441778002|69.00|T-Mold European Oak Luna 78"
REW7128178002|69.00|T-Mold European Oak Gareth 78"
REW7127978002|69.00|T-Mold European Oak Percival 78"
REW7064896719|109.00|Square Stairnose White Oak Cambria 90"
REW5622296713|109.00|Square Stairnose White Oak Pavone 90"
REW5621496713|109.00|Square Stairnose White Oak Brazza 90"
REW7484196001|35.00|Quarter Round European Oak Genoa 94"
REW7484096001|35.00|Quarter Round European Oak Milano 94"
REW7483896001|35.00|Quarter Round European Oak Ravenna 94"
REW7484696001|35.00|Quarter Round European Oak Sesia 94"
REW7484596001|35.00|Quarter Round European Oak Nera 94"
REW7484396001|35.00|Quarter Round European Oak Sila 94"
REW7484296001|35.00|Quarter Round European Oak Conte 94"
REW7065296001|35.00|Quarter Round White Oak Potter 94"
REW7064996001|35.00|Quarter Round White Oak Blair 94"
REW5236596001|35.00|Quarter Round European Oak Trinidad 94"
REW5236096001|35.00|Quarter Round European Oak Aruba 94"
REW5235896001|35.00|Quarter Round European Oak Cayman 94"
REW6384196001|35.00|Quarter Round European Oak Tiber 94"
REW6344896001|35.00|Quarter Round European Oak Elbe 94"
REW7115896001|35.00|Quarter Round European Oak Pelosa 94"
REW6716596001|35.00|Quarter Round European Oak Ancona 94"
REW4956696001|35.00|Quarter Round European Oak Nicola 94"
REW4956196001|35.00|Quarter Round European Oak Vasto 94"
REW7128196001|35.00|Quarter Round European Oak Gareth 94"
REW7128096001|35.00|Quarter Round European Oak Barant 94"
REW7127796001|35.00|Quarter Round European Oak Tristan 94"
REWTMHMN82024R|79.00|T-Mold Maple Natural 84"
REWRERO842PXUR|69.00|Reducer Red Oak Barley 84"
REWM385LPHFCRD|59.00|Reducer Hickory Falcon 78"
REW6716878002|69.00|T-Mold European Oak Berwick 78"
REW5554278002|69.00|T-Mold European Oak Stratton 78"
REW7779996001|35.00|Quarter Round European Oak Tartonne 94"
REW7661996001|39.00|Quarter Round European Oak Archail 94"
REW7660996001|35.00|Quarter Round European Oak Lauron 94"
REW6716996001|35.00|Quarter Round European Oak Nichols 94"
REW5554296001|35.00|Quarter Round European Oak Stratton 94"
REWM3865CSTUTM|59.00|T-Mold Arborea Tulum 78"
REWM3865CSCPTM|59.00|T-Mold Arborea Copan 78"
REWM3865CSALTM|59.00|T-Mold Arborea Alban 78"
REWREWO842024R|79.00|Reducer White Oak Natural 84"
REWM3865CSTUQR|29.00|Quarter Round Arborea Tulum 78"
REWM3865CSMRQR|29.00|Quarter Round Arborea Mirador 78"
REWM3865CSALQR|29.00|Quarter Round Arborea Alban 78"
REW7661096001|35.00|Quarter Round European Oak La Garde 94"
REWTMRON82024R|69.00|T-Mold Red Oak Natural 84"
REWM385LPHRSTM|49.00|T-Mold Hickory Resler 78"
REWM385LPHNTM|49.00|T-Mold Hickory Natural 78"
REWM385LPHFCTM|49.00|T-Mold Hickory Falcon 78"
REWM385LPHBLTM|49.00|T-Mold Hickory Bliss 78"
REWMESN58URRV|139.00|Square Stairnose European Oak Ravenna 86"
REWMESN58TESL|129.00|Square Stairnose European Oak Sila 86"
REWMESN58TEFR|129.00|Square Stairnose European Oak Fiori 86"
REWMESN58TEDN|129.00|Square Stairnose European Oak Diano 86"
REWQURO842QNUR|59.00|Quarter Round Red Oak Millet 84"
REWQURO842024R|59.00|Quarter Round Red Oak Natural 84"
REWM385LPHRSQR|29.00|Quarter Round Hickory Resler 78"
REWM385LPHNQR|29.00|Quarter Round Hickory Natural 78"
REWM385LPHBLQR|29.00|Quarter Round Hickory Bliss 78"
REWTMWON82024R|69.00|T-Mold White Oak Natural 84"
REWMESN12ISAR|129.00|Square Stairnose European Oak Aruba 82"
REWMESN916EURH|139.00|Square Stairnose European Oak Rhine 86"
REWMESN916EULR|139.00|Square Stairnose European Oak Loire 86"
REWMESN916EUEL|139.00|Square Stairnose European Oak Elbe 86"
REWMESN58COLN|129.00|Square Stairnose European Oak Leone 75"
REWMESN58MCEOWS|129.00|Square Stairnose European Oak Woodson 75"
REWMESN58MCEOST|129.00|Square Stairnose European Oak Stratton 75"
REWMESN58MCEONC|129.00|Square Stairnose European Oak Nichols 75"
REWMESN58MCEOHK|129.00|Square Stairnose European Oak Hopkins 75"
REWMESN58MCEOFW|129.00|Square Stairnose European Oak Fowler 75"
REWMESN58MCEOCO|129.00|Square Stairnose European Oak Coburn 75"
REWMESN58MCEOBW|129.00|Square Stairnose European Oak Berwick 75"
REWM3865CSTKSN|69.00|Stairnose Arborea Tikal 78"
REWNORO922PXUR|99.00|Stairnose Red Oak Barley 92"
REWM385LPHRSSN|59.00|Stairnose Hickory Resler 78"
REWM385LPHNRD|59.00|Reducer Hickory Natural 78"
REWM385LPHBLRD|59.00|Reducer Hickory Bliss 78"
REWQUHM842024R|59.00|Quarter Round Maple Natural 84"
REWM3865CSTKTM|59.00|T-Mold Arborea Tikal 78"
REWM3865CSTKQR|29.00|Quarter Round Arborea Tikal 78"
REWM3865CSCPQR|29.00|Quarter Round Arborea Copan 78"
REWTMRON82QNUR|69.00|T-Mold Red Oak Millet 84"
REWMESN58URPM|139.00|Square Stairnose European Oak Palermo 86"
REWMESN58URNP|139.00|Square Stairnose European Oak Napoli 86"
REWMESN58URML|139.00|Square Stairnose European Oak Milano 86"
REWMESN58URGN|139.00|Square Stairnose European Oak Genoa 86"
REWMESN58URAF|139.00|Square Stairnose European Oak Amalfi 86"
REWMESN58TESS|129.00|Square Stairnose European Oak Sesia 86"
REWQUWO842024R|59.00|Quarter Round White Oak Natural 84"
REWQURO842PXUR|59.00|Quarter Round Red Oak Barley 84"
REWM385LPHFCQR|29.00|Quarter Round Hickory Falcon 78"
REWMESN12ISNV|129.00|Square Stairnose European Oak Nevis 82"
REWMESN12ISCM|129.00|Square Stairnose European Oak Cayman 82"
REWMESN12ISCC|129.00|Square Stairnose European Oak Curacao 82"
REWMESN12ISBB|129.00|Square Stairnose European Oak Barbados 82"
REWMESN916EUSV|139.00|Square Stairnose European Oak Sava 86"
REWMESN58CONC|129.00|Square Stairnose European Oak Nicola 75"
REWMESN58COAC|129.00|Square Stairnose European Oak Ancona 75"
REWMESN58MCEOHC|129.00|Square Stairnose European Oak Hatch 75"
REWNOHM922024R|119.00|Stairnose Maple Natural 92"
REWM3865CSMRSN|69.00|Stairnose Arborea Mirador 78"
REWM3865CSCPSN|69.00|Stairnose Arborea Copan 78"
REWM3865CSALSN|69.00|Stairnose Arborea Alban 78"
REWM3865CSTURD|59.00|Reducer Arborea Tulum 78"
REWM3865CSTKRD|59.00|Reducer Arborea Tikal 78"
REWM3865CSCPRD|59.00|Reducer Arborea Copan 78"
REWM3865CSALRD|59.00|Reducer Arborea Alban 78"
REW5236178712|99.00|Stairnose European Oak Curacao 78"
REWNORO922QNUR|99.00|Stairnose Red Oak Millet 92"
REWNORO922024R|99.00|Stairnose Red Oak Natural 92"
REWM385LPHSLSN|59.00|Stairnose Hickory Sunland 78"
REWM385LPHNSN|59.00|Stairnose Hickory Natural 78"
REWM385LPHFCSN|59.00|Stairnose Hickory Falcon 78"
REWM385LPHBLSN|59.00|Stairnose Hickory Bliss 78"
REWRERO842QNUR|69.00|Reducer Red Oak Millet 84"
REWRERO842024R|69.00|Reducer Red Oak Natural 84"
REWM385LPHSLRD|59.00|Reducer Hickory Sunland 78"
REWM385LPHRSRD|59.00|Reducer Hickory Resler 78"
REWM3865CSMRTM|59.00|T-Mold Arborea Mirador 78"
REWNOWO922024R|129.00|Stairnose White Oak Natural 92"
REWTMRON82PXUR|69.00|T-Mold Red Oak Barley 84"
REWM385LPHSLTM|49.00|T-Mold Hickory Sunland 78"
REWMESN58TENE|129.00|Square Stairnose European Oak Nera 86"
REWMESN58TECT|129.00|Square Stairnose European Oak Conte 86"
REWM385LPHSLQR|29.00|Quarter Round Hickory Sunland 78"
REWMESN12ISTT|129.00|Square Stairnose European Oak Tortola 82"
REWMESN12ISTR|129.00|Square Stairnose European Oak Trinidad 82"
REWMESN12ISAG|129.00|Square Stairnose European Oak Antigua 82"
REWMESN916EUTB|139.00|Square Stairnose European Oak Tiber 86"
REWMESN58COVS|129.00|Square Stairnose European Oak Vasto 75"
REWMESN58COVL|129.00|Square Stairnose European Oak Vela 75"
REWMESN58COTS|129.00|Square Stairnose European Oak Testa 75"
REWMESN58COPE|129.00|Square Stairnose European Oak Pelosa 75"
REWMESN58COMU|129.00|Square Stairnose European Oak Mannu 75"
REWMESN58COLU|129.00|Square Stairnose European Oak Luna 75"
REWMESN58COCP|129.00|Square Stairnose European Oak Capri 75"
REWMESN58COCN|129.00|Square Stairnose European Oak Conero 75"
REWMESN58MCEOCS|129.00|Square Stairnose European Oak Sanborn 75"
REWM125C2MSSN|79.00|Stairnose Maple Stirrup 78"
REWM125C2MSN|79.00|Stairnose Maple Natural 78"
REWM125C2MSRD|59.00|Reducer Maple Stirrup 78"
REWM125C2MRD|59.00|Reducer Maple Natural 78"
REWNORO922GP4R|99.00|Stairnose Red Oak Gunstock 92"
REWM125C2MSTM|59.00|T-Mold Maple Stirrup 78"
REWMESN12P3WAR|129.00|Square Stairnose Walnut Archail 75"
REWM125C2MSQR|29.00|Quarter Round Maple Stirrup 78"
REWMESN12P3TR|129.00|Square Stairnose European Oak Tartonne 75"
REWMESN12P3CV|129.00|Square Stairnose European Oak Cheval 75"
REWMESN12P3AU|129.00|Square Stairnose European Oak Auvare 75"
REWM125C2MBRD|59.00|Reducer Maple Bourbon 78"
REWM125C2HQR|29.00|Quarter Round Hickory Natural 78"
REWTMRON82GP4R|69.00|T-Mold Red Oak Gunstock 84"
REWMESN12P3WPL|129.00|Square Stairnose European Oak Pierlas 75"
REWMESN12P3VL|129.00|Square Stairnose European Oak Venelle 75"
REWMESN12P3LG|129.00|Square Stairnose European Oak La Garde 75"
REWMESN12P3LB|129.00|Square Stairnose European Oak La Bonde 75"
REWM125C2MBSN|79.00|Stairnose Maple Bourbon 78"
REWM125C2HSN|79.00|Stairnose Hickory Natural 78"
REWM125C2HRD|59.00|Reducer Hickory Natural 78"
REWRERO842GP4R|69.00|Reducer Red Oak Gunstock 84"
REWM125C2MTM|59.00|T-Mold Maple Natural 78"
REWM125C2MBTM|59.00|T-Mold Maple Bourbon 78"
REWM125C2HTM|59.00|T-Mold Hickory Natural 78"
REWMESN12P3HPE|129.00|Square Stairnose Hickory Pelisan 75"
REWM125C2MQR|29.00|Quarter Round Maple Natural 78"
REWM125C2MBQR|29.00|Quarter Round Maple Bourbon 78"
REWQURO842GP4R|59.00|Quarter Round Red Oak Gunstock 84"
REWMESN12P3RS|129.00|Square Stairnose European Oak Rousset 75"
REWMESN12P3RR|129.00|Square Stairnose European Oak Reverie 75"
REWMESN12P3LN|129.00|Square Stairnose European Oak Lauron 75"
