REW125C2MS|0.00|Camino II 1/2" X 5" Maple Stirrup
REW1275SRWORZ|3.03|Sereno 1/2" X 7-1/2" Renzi
REW385LPHRS|3.19|El Paso 3/8" X 5" Hickory Resler
REW385LPHFC|3.19|El Paso 3/8" X 5" Hickory Falcon
REW385LPHBL|3.19|El Paso 3/8" X 5" Hickory Bliss
REW9167SVPT|6.29|Sylvania 9/16" X 7" White Oak Potter
REW9167SVBL|6.29|Sylvania 9/16" X 7" White Oak Blair
REW5895URNP|6.69|Urbano 5/8" X 9-1/2" Napoli
REW5895URAF|6.69|Urbano 5/8" X 9-1/2" Amalfi
REW3865CSAL|3.49|Castillo 3/8" X 6-1/2" Alban
REW5895TESS|6.39|Terreno 5/8" X 9-1/2" Sesia
REW5895TENE|6.39|Terreno 5/8" X 9-1/2" Nera
REW5875MCEOWS|6.29|Mill Creek 5/8" X 7-1/2" Woodson
REW5875MCEOST|6.29|Mill Creek 5/8" X 7-1/2" Stratton
REW5875MCEOHK|6.29|Mill Creek 5/8" X 7-1/2" Hopkins
REW3875AVTS|3.79|Avalon 3/8" X 7-1/2" Tristan
REW1275ISNV|4.39|Islands 1/2" X 7-1/2" Nevis
REW916512EUEL|6.99|Europa 9/16" X 5-1/2" European Oak Elbe
REW5875COVS|5.79|Costa 5/8" X 7-1/2" Vasto
REW5875COLN|5.79|Costa 5/8" X 7-1/2" Leone
REW1275SRWODF|3.19|Sereno 1/2" X 7-1/2" Delfini
REW34314HRROM|6.29|Heritage Solid 3/4" X 3-1/4" Red Oak Millet
REW9167SVWN|6.99|Sylvania 9/16" X 7" Walnut Natural
REW9167SVWC|4.43|Sylvania 9/16" X 7" Walnut Clarion
REW385LPHSL|3.19|El Paso 3/8" X 5" Hickory Sunland
REW385LPHN|3.19|El Paso 3/8" X 5" Hickory Natural
REW9167SVFY|6.29|Sylvania 9/16" X 7" White Oak Fayette
REW9167SVCB|6.29|Sylvania 9/16" X 7" White Oak Cambria
REW5895URRV|6.69|Urbano 5/8" X 9-1/2" Ravenna
REW5895URML|6.69|Urbano 5/8" X 9-1/2" Milano
REW3865CSTK|3.49|Castillo 3/8" X 6-1/2" Tikal
REW3865CSCP|3.49|Castillo 3/8" X 6-1/2" Copan
REW5895TESL|6.39|Terreno 5/8" X 9-1/2" Sila
REW5895TEFR|6.39|Terreno 5/8" X 9-1/2" Fiori
REW3875AVPV|3.79|Avalon 3/8" X 7-1/2" Percival
REW3875AVGR|3.79|Avalon 3/8" X 7-1/2" Gareth
REW3875AVGL|3.79|Avalon 3/8" X 7-1/2" Galahad
REW3875AVEL|3.79|Avalon 3/8" X 7-1/2" Elyan
REW3875AVBR|3.79|Avalon 3/8" X 7-1/2" Barant
REW1275ISTT|4.39|Islands 1/2" X 7-1/2" Tortola
REW1275ISCC|4.39|Islands 1/2" X 7-1/2" Curacao
REW1275ISBB|4.39|Islands 1/2" X 7-1/2" Barbados
REW1275ISAR|4.39|Islands 1/2" X 7-1/2" Aruba
REW1275ISAG|2.99|Islands 1/2" X 7-1/2" Antigua
REW916512EURH|6.99|Europa 9/16" X 5-1/2" European Oak Rhine
REW5875MCEOHC|6.29|Mill Creek 5/8" X 7-1/2" Hatch
REW5875COPE|5.79|Costa 5/8" X 7-1/2" Pelosa
REW5875CONC|5.79|Costa 5/8" X 7-1/2" Nicola
REW5875COLU|5.79|Costa 5/8" X 7-1/2" Luna
REW5875COCP|5.79|Costa 5/8" X 7-1/2" Capri
REW34314HRMN|7.19|Heritage Solid 3/4" X 3-1/4" Maple Natural
REW34314HRROG|6.29|Heritage Solid 3/4" X 3-1/4" Red Oak Gunstock
REW34314HRROB|6.29|Heritage Solid 3/4" X 3-1/4" Red Oak Barley
REW3865CSMR|2.57|Castillo 3/8" X 6-1/2" Mirador
REW1275SRWOPV|2.99|Sereno 1/2" X 7-1/2" Pavone
REW9167SVBU|6.29|Sylvania 9/16" X 7" White Oak Butler
REW5895URPM|6.69|Urbano 5/8" X 9-1/2" Palermo
REW5895URGN|6.69|Urbano 5/8" X 9-1/2" Genoa
REW3875AVHK|3.79|Avalon 3/8" X 7-1/2" Kay
REW3865CSTU|3.49|Castillo 3/8" X 6-1/2" Tulum
REW5895TEDN|6.39|Terreno 5/8" X 9-1/2" Diano
REW5895TECT|6.39|Terreno 5/8" X 9-1/2" Conte
REW5875MCEONC|6.29|Mill Creek 5/8" X 7-1/2" Nichols
REW5875MCEOFW|6.29|Mill Creek 5/8" X 7-1/2" Fowler
REW5875MCEOBW|6.29|Mill Creek 5/8" X 7-1/2" Berwick
REW1275ISTR|4.39|Islands 1/2" X 7-1/2" Trinidad
REW1275ISDM|2.98|Islands 1/2" X 7-1/2" Dominica
REW1275ISCM|4.39|Islands 1/2" X 7-1/2" Cayman
REW916512EUTB|6.99|Europa 9/16" X 5-1/2" European Oak Tiber
REW916512EUSV|6.99|Europa 9/16" X 5-1/2" European Oak Sava
REW916512EULR|6.99|Europa 9/16" X 5-1/2" European Oak Loire
REW5875MCEOSB|6.29|Mill Creek 5/8" X 7-1/2" Sanborn
REW5875MCEOCO|6.29|Mill Creek 5/8" X 7-1/2" Coburn
REW5875COVL|5.79|Costa 5/8" X 7-1/2" Vela
REW5875COTS|5.79|Costa 5/8" X 7-1/2" Testa
REW5875COMU|5.79|Costa 5/8" X 7-1/2" Mannu
REW5875COCN|5.79|Costa 5/8" X 7-1/2" Conero
REW5875COAC|5.79|Costa 5/8" X 7-1/2" Ancona
REW34314HRRON2|5.99|Heritage Solid 3/4" X 3-1/4" Red Oak Natural
REW34314HRWON2|6.49|Heritage Solid 3/4" X 3-1/4" White Oak Natural
REW34214HRWON2|6.29|Heritage Solid 3/4" X 2-1/4" White Oak Natural
REW34214HRRON2|5.79|Heritage Solid 3/4" X 2-1/4" Red Oak Natural
REW125C2M|4.49|Camino II 1/2" X 5" Maple Natural
REW125C2H|4.49|Camino II 1/2" X 5" Hickory Natural
REW1275P3TR|4.39|Provence III 1/2" X 7-1/2" Tartonne
REW1275P3RR|4.39|Provence III 1/2" X 7-1/2" Reverie
REW1275P3LN|4.39|Provence III 1/2" X 7-1/2" Lauron
REW1275P3LB|4.39|Provence III 1/2" X 7-1/2" La Bonde
REW12434P3WARHB|5.99|Provence III Herringbone 1/2" X 4-3/4" X 24" Walnut Archail
REW125C2MB|4.49|Camino II 1/2" X 5" Maple Bourbon
REW12434P3LNHB|4.99|Provence III Herringbone 1/2" X 4-3/4" X 24" Lauron
REW12434P3LBHB|4.99|Provence III Herringbone 1/2" X 4-3/4" X 24" La Bonde
REW12434P3HPEHB|4.99|Provence III Herringbone 1/2" X 4-3/4" X 24" Hickory Pelisan
REW12434P3CVHB|4.99|Provence III Herringbone 1/2" X 4-3/4" X 24" Cheval
REW1275P3VL|4.39|Provence III 1/2" X 7-1/2" Venelle
REW1275P3LG|4.39|Provence III 1/2" X 7-1/2" La Garde
REW1275P3CV|4.39|Provence III 1/2" X 7-1/2" Cheval
REW12434P3WPLHB|5.99|Provence III Herringbone 1/2" X 4-3/4" X 24" Walnut Pierlas
REW12434P3VLHB|4.99|Provence III Herringbone 1/2" X 4-3/4" X 24" Venelle
REW12434P3TRHB|4.99|Provence III Herringbone 1/2" X 4-3/4" X 24" Tartonne
REW12434P3RRHB|4.99|Provence III Herringbone 1/2" X 4-3/4" X 24" Reverie
REW12434P3LGHB|4.99|Provence III Herringbone 1/2" X 4-3/4" X 24" La Garde
REW1275P3WPL|5.73|Provence III 1/2" X 7-1/2" Walnut Pierlas
REW1275P3WAR|5.73|Provence III 1/2" X 7-1/2" Walnut Archail
REW1275P3RS|4.39|Provence III 1/2" X 7-1/2" Rousset
REW1275P3HPE|4.39|Provence III 1/2" X 7-1/2" Hickory Pelisan
REW1275P3AU|4.39|Provence III 1/2" X 7-1/2" Auvare
REW12434P3RSHB|4.99|Provence III Herringbone 1/2" X 4-3/4" X 24" Rousset
REW12434P3AUHB|4.99|Provence III Herringbone 1/2" X 4-3/4" X 24" Auvare
