Palacio|MFPAMO5886GSSN|||Amora Stairnose 78" Gentle Shadows
Palacio|MFPAMO5886GSRD|||Amroa Reducer 78" Gentle Shadows
Palacio|MFPAMO5886SNSN|||Amora Stairnose 78" Sonnet
Palacio|MFPAMO5886CWSN|||Amora Stairnose 78" Cotswold
Palacio|MFPAMO5886ADRD|||Amora Reducer 78"Adirondack
Palacio|MFPAMO5886GSTM|||Amora T-Mold 78" Gentle Shadows
Palacio|MFPAMO5886WNQR|||Amora Quarter Round 78" Warm Nutmeg
Palacio|MFPAMO5886GSQR|||Amora Quarter Round 78" Gentle Shadows
Palacio|MFPAMO5886SNQR|||Amora Quarter Round 78" Sonnet
Palacio|MFPAMO5886DTTH|||Amora End Cap/Threshold 78" Dakota Trail
Palacio|MFPAMO586SHTH|||Squire Hill Threshold 78"
Palacio|MFPAMO586DTSN|||Dakota Trail Stairnose 78"
Palacio|MFPAMO586WNTM|||Warm Nutmeg T-Molding 78"
Palacio|MFPAMO586DTQR|||Dakota Trail Quarter Round 78"
Palacio|MFPAMO5886SHSN|||Amora Stairnose 78" Squire Hill
Palacio|MFPAMO5886SHRD|||Amora Reducer 78" Squire Hill
Palacio|MFPAMO5886DTRD|||Amora Reducer 78" Dakota Trail
Palacio|MFPAMO5886FLRD|||Amora Reducer 78" Frolic
Palacio|MFPAMO5886WNTM|||Amora T-Mold 78" Warm Nutmeg
Palacio|MFPAMO5886SHTM|||Amora T-Mold 78" Squire Hill
Palacio|MFPAMO5886DTTM|||Amora T-Mold 78" Dakota Trail
Palacio|MFPAMO5886DTQR|||Amora Quarter Round 78" Dakota Trail
Palacio|MFPAMO5886SNTM|||Amora T-Mold 78" Sonnet
Palacio|MFPAMO5886ADTM|||Amora T-Mold 78"Adirondack
Palacio|MFPAMO5886WNTH|||Amora End Cap/Threshold 78" Warm Nutmeg
Palacio|MFPAMO5886GSTH|||Amora End Cap/Threshold 78" Gentle Shadows
Palacio|MFPAMO5886WNSN|||Amora Stairnose 78" Warm Nutmeg
Palacio|MFPAMO5886DTSN|||Amora Stairnose 78" Dakota Trail
Palacio|MFPAMO5886WNRD|||Amora Reducer 78" Warm Nutmeg
Palacio|MFPAMO586WNSN|||Warm Nutmeg Stairnose 78"
Palacio|MFPAMO586SHSN|||Squire Hill Stairnose 78"
Palacio|MFPAMO586GSSN|||Gentle Shadows Stairnose 78"
Palacio|MFPAMO5886SNRD|||Amora Reducer 78" Sonnet
Palacio|MFPAMO5886FLSN|||Amora Stairnose 78" Frolic
Palacio|MFPAMO5886BSSN|||Amorea Stairnose 78" Brownstone
Palacio|MFPAMO586DTTM|||Dakota Trail T-Molding 78"
Palacio|MFPAMO5886SHQR|||Amora Quarter Round 78" Squire Hill
Palacio|MFPAMO5886TITH|||Amora End Cap/Threshold 78" Totten's Inlet
Palacio|MFPAMO586WNQR|||Warm Nutmeg Quarter Round 78"
Palacio|MFPAMO586SHTM|||Squire Hill T-Molding 78"
Palacio|MFPAMO5886CWTM|||Amora T-Mold 78" Cotswold
Palacio|MFPAMO5886TISN|||Amora Stairnose 78" Totten's Inlet
Palacio|MFPAMO5886TIRD|||Amora Reducer 78" Totten's Inlet
Palacio|MFPAMO5886SHTH|||Amora End Cap/Threshold 78" Squire Hill
Palacio|MFPAMO5886ADTH|||Amora End Cap/Threshold 78" Adirondack
Palacio|MFPAMO5886TIQR|||Amora Quarter Round 78" Totten's Inlet
Palacio|MFPAMO586SHQR|||Squire Hill Quarter Round 78"
Palacio|MFPREA24913|||Reducer Harvest 94"
Palacio|MFPQRH24916|||Quarter Round Stonington 94"
Palacio|MFPQRH24912|||Quarter Round Grandview 94"
Palacio|MFPTMA24912|||T-Mold Grandview 94"
Palacio|MFPREA24918|||Reducer Windmill Wings 94"
Palacio|MFPQRH24918|||Quarter Round Windmill Wings 94"
Palacio|MFPQRH24914|||Quarter Round Kirk View 94"
Palacio|MFPQRH24909|||Quarter Round Andes Summit 94"
Palacio|MFPECA24917|||End Cap/Threshold Sunnyside 94"
Palacio|MFPTMA24915|||T-Mold Moondust Lane 94"
Palacio|MFPTMA24909|||T-Mold Andes Summit 94"
Palacio|MFPSNC24911|||Stairnose Chest Springs 94"
Palacio|MFPECA24918|||End Cap/Threshold Windmill Wings 94"
Palacio|MFPTMA24917|||T-Mold Sunnyside 94"
Palacio|MFPTMA24913|||T-Mold Harvest 94"
Palacio|MFPSNC24917|||Stairnose Sunnyside 94"
Palacio|MFPSNC24916|||Stairnose Stonington 94"
Palacio|MFPREA24910|||Reducer Bald Eagle 94"
Palacio|MFPREA24909|||Reducer Andes Summit 94"
Palacio|MFPTMA24918|||T-Mold Windmill Wings 94"
Palacio|MFPTMA24911|||T-Mold Chest Springs 94"
Palacio|MFPSNC24918|||Stairnose Windmill Wings 94"
Palacio|MFPSNC24915|||Stairnose Moondust Lane 94"
Palacio|MFPSNC24914|||Stairnose Kirk View 94"
Palacio|MFPSNC24910|||Stairnose Bald Eagle 94"
Palacio|MFPSNC24909|48.00|Piece|Stairnose Andes Summit 94"
Palacio|MFPREA24917|38.00|Piece|Reducer Sunnyside 94"
Palacio|MFPREA24916|38.00|Piece|Reducer Stonington 94"
Palacio|MFPREA24912|38.00|Piece|Reducer Grandview 94"
Palacio|MFPECA24915|38.00|Piece|End Cap/Threshold Moondust Lane 94"
Palacio|MFPECA24910|38.00|Piece|End Cap/Threshold Bald Eagle 94"
Palacio|MFPECA24909|38.00|Piece|End Cap/Threshold Andes Summit 94"
Palacio|MFPQRH24917|20.00|Piece|Quarter Round Sunnyside 94"
Palacio|MFPQRH24913|20.00|Piece|Quarter Round Harvest 94"
Palacio|MFPTMA24916|38.00|Piece|T-Mold Stonington 94"
Palacio|MFPSNC24913|48.00|Piece|Stairnose Harvest 94"
Palacio|MFPSNC24912|48.00|Piece|Stairnose Grandview 94"
Palacio|MFPREA24915|38.00|Piece|Reducer Moondust Lane 94"
Palacio|MFPREA24914|38.00|Piece|Reducer Kirk View 94"
Palacio|MFPREA24911|38.00|Piece|Reducer Chest Springs 94"
Palacio|MFPQRH24915|20.00|Piece|Quarter Round Moondust Lane 94"
Palacio|MFPQRH24911|20.00|Piece|Quarter Round Chest Springs 94"
Palacio|MFPQRH24910|20.00|Piece|Quarter Round Bald Eagle 94"
Palacio|MFPECA24916|38.00|Piece|End Cap/Threshold Stonington 94"
Palacio|MFPECA24913|38.00|Piece|End Cap/Threshold Harvest 94"
Palacio|MFPECA24912|38.00|Piece|End Cap/Threshold Grandview 94"
Palacio|MFPTMA24914|38.00|Piece|T-Mold Kirk View 94"
Palacio|MFPTMA24910|38.00|Piece|T-Mold Bald Eagle 94"
Palacio|MFPECA24914|38.00|Piece|End Cap/Threshold Kirk View 94"
Palacio|MFPECA24911|38.00|Piece|End Cap/Threshold Chest Springs 94"
Palacio|MFPMARANT09|3.69|Square Foot|Maritza 9" X 6.5 MM Antique Pearl
Palacio|MFPMARFOG09|3.69|Square Foot|Maritza 9" X 6.5 MM Foggy Morning
Palacio|MFPT5504GUTHIC9GRA|3.69|Square Foot|Tortosa II 9-1/4" X 6.5 MM Graciano
Palacio|MFPT5502COSRCL7FIN|3.69|Square Foot|Catalonia II 7" X 6.5 MM Fino
Palacio|MFPREGUTHIC9GRAD|0.00|Square Foot|Tortosa 9-1/4" X 5.5MM Graciano
Palacio|MFPVCG10SS|2.99|Square Foot|Americano Grande 10" X 10 MM Sunnyside
Palacio|MFPAMO5886CW|4.99|Square Foot|Amora 8-5/8" X 5/8" Cotswold
Palacio|MFPAMO5886BS|4.99|Square Foot|Amora 8-5/8" X 5/8" Brownstone
Palacio|MFPVCG10WW|2.99|Square Foot|Americano Grande 10" X 10 MM Windmill Wings
Palacio|MFPVCG10ML|2.99|Square Foot|Americano Grande 10" X 10 MM Moondust Lane
Palacio|MFPVCG10BE|2.99|Square Foot|Americano Grande 10" X 10 MM Bald Eagle
Palacio|MFPVCG10AS|2.99|Square Foot|Americano Grande 10" X 10 MM Andes Summit
Palacio|MFPVSR18BRF148|36.00|Piece|Americano Grande Reducer 94" Grandview
Palacio|MFPVCG10SN|2.99|Square Foot|Americano Grande 10" X 10 MM Stonington
Palacio|MFPVCG10HV|2.99|Square Foot|Americano Grande 10" X 10 MM Harvest
Palacio|MFPVCG10GV|2.99|Square Foot|Americano Grande 10" X 10 MM Grandview
Palacio|MFPVFSN08BRF121|38.00|Piece|Americano Grande Flush Stairnose 94" Harvest
Palacio|MFPAMO5886WN|4.99|Square Foot|Amora 8-5/8" X 5/8" Warm Nutmeg
Palacio|MFPAMO5886SH|4.99|Square Foot|Amora 8-5/8" X 5/8" Squire Hill
Palacio|MFPAMO5886DT|4.99|Square Foot|Amora 8-5/8" X 5/8" Dakota Trail
Palacio|MFPVT18BRF148|36.00|Piece|Americano Grande T-Molding 94" Grandview
Palacio|MFPVT18BRF126|36.00|Piece|Americano Grande T-Molding 94" Sunnyside
Palacio|MFPVSR18BRF131|36.00|Piece|Americano Grande Reducer 94" Kirk View
Palacio|MFPQR01BRF121|14.00|Piece|Americano Grande Quarter Round 94" Harvest
Palacio|MFPAMO5886SN|4.99|Square Foot|Amora 8-5/8" X 5/8" Sonnet
Palacio|MFPAMO5886AD|4.99|Square Foot|Amora 8-5/8" X 5/8" Adirondack
Palacio|MFPAMO5886FL|4.99|Square Foot|Amora 8-5/8" X 5/8" Frolic
Palacio|MFPVCG10KV|2.99|Square Foot|Americano Grande 10" X 10 MM Kirk View
Palacio|MFPVCG10CS|2.99|Square Foot|Americano Grande 10" X 10 MM Chest Springs
Palacio|MFPVSR18BRF125|36.00|Piece|Americano Grande Reducer 94" Stonington
Palacio|MFPVSR18BRF121|36.00|Piece|Americano Grande Reducer 94" Harvest
Palacio|MFPVFSN08BRF133|38.00|Piece|Americano Grande Flush Stairnose 94" Windmill Wings
Palacio|MFPVFSN08BRF131|38.00|Piece|Americano Grande Flush Stairnose 94" Kirk View
Palacio|MFPVSR18BRF126|36.00|Piece|Americano Grande Reducer 94" Sunnyside
Palacio|MFPVT18BRF130|36.00|Piece|Americano Grande T-Molding 94" Chest Springs
Palacio|MFPVT18BRF129|36.00|Piece|Americano Grande T-Molding 94" Bald Eagle
Palacio|MFPVT18BRF118|36.00|Piece|Americano Grande T-Molding 94" Andes Summit
Palacio|MFPQR01BRF129|14.00|Piece|Americano Grande Quarter Round 94" Bald Eagle
Palacio|MFPQR01BRF118|14.00|Piece|Americano Grande Quarter Round 94" Andes Summit
Palacio|MFPVFSN08BRF148|38.00|Piece|Americano Grande Flush Stairnose 94" Grandview
Palacio|MFPAMO5886GS|4.99|Square Foot|Amora 8-5/8" X 5/8" Gentle Shadows
Palacio|MFPVFSN08BRF126|38.00|Piece|Americano Grande Flush Stairnose 94" Sunnyside
Palacio|MFPVFSN08BRF125|38.00|Piece|Americano Grande Flush Stairnose 94" Stonington
Palacio|MFPVT18BRF125|36.00|Piece|Americano Grande T-Molding 94" Stonington
Palacio|MFPVT18BRF121|36.00|Piece|Americano Grande T-Molding 94" Harvest
Palacio|MFPQR01BRF148|14.00|Piece|Americano Grande Quarter Round 94" Grandview
Palacio|MFPQR01BRF126|14.00|Piece|Americano Grande Quarter Round 94" Sunnyside
Palacio|MFPAMO5886TI|4.99|Square Foot|Amora 8-5/8" X 5/8" Totten's Inlet
Palacio|MFPVSR18BRF133|36.00|Piece|Americano Grande Reducer 94" Windmill Wings
Palacio|MFPVSR18BRF132|36.00|Piece|Americano Grande Reducer 94" Moondust Lane
Palacio|MFPVSR18BRF130|36.00|Piece|Americano Grande Reducer 94" Chest Springs
Palacio|MFPVSR18BRF129|36.00|Piece|Americano Grande Reducer 94" Bald Eagle
Palacio|MFPVSR18BRF118|36.00|Piece|Americano Grande Reducer 94" Andes Summit
Palacio|MFPQR01BRF125|14.00|Piece|Americano Grande Quarter Round 94" Stonington
Palacio|MFPVFSN08BRF130|38.00|Piece|Americano Grande Flush Stairnose 94" Chest Springs
Palacio|MFPVFSN08BRF132|38.00|Piece|Americano Grande Flush Stairnose 94" Moondust Lane
Palacio|MFPVFSN08BRF129|38.00|Piece|Americano Grande Flush Stairnose 94" Bald Eagle
Palacio|MFPVFSN08BRF118|38.00|Piece|Americano Grande Flush Stairnose 94" Andes Summit
Palacio|MFPVT18BRF133|36.00|Piece|Americano Grande T-Molding 94" Windmill Wings
Palacio|MFPVT18BRF132|36.00|Piece|Americano Grande T-Molding 94" Moondust Lane
Palacio|MFPQR01BRF132|14.00|Piece|Americano Grande Quarter Round 94" Moondust Lane
Palacio|MFPQR01BRF130|14.00|Piece|Americano Grande Quarter Round 94" Chest Springs
Palacio|MFPQR01BRF133|14.00|Piece|Americano Grande Quarter Round 94" Windmill Wings
Audacity|CFLVFSN15BRF105|36.00|Piece|Stairnose Osbourne 94"
Audacity|CFLEWH7290|3.56|Square Foot|Symphony 9.06" X 5.5MM Richards
Audacity|CFLEWH7052|3.56|Square Foot|Symphony 9.06" X 5.5MM Morrison
Audacity|CFLVEC14BRF105|34.00|Piece|End Cap/Threshold Osbourne 94"
Audacity|CFLVSR14BRF105|34.00|Piece|Reducer Osbourne 94"
Audacity|CFLEWH7288|3.56|Square Foot|Symphony 9.06" X 5.5MM Osbourne
Audacity|CFLCWH3870|3.56|Square Foot|Symphony 9.06" X 5.5MM Lennon
Audacity|CFLQR01BRF105|12.00|Piece|Quarter Round Osbourne 94"