MONAPSNW7DF1296|33.95|Stair Nosing Euro Oak Unf 1/2" X 3-1/2" X 94.5" 7-Day Fumed
MONSQSN96D2LO2|169.00|Square Stairnose European Oak Lorraine 96-1/2"
MONAPSN34WR144|129.99|Sq Stair Nosing Rustic Euro Oak 4mm Radius 3/4" X 5-1/2" X 12'
MONAPSN34WR96|79.00|Sq Stair Nosing Rustic Euro Oak 4mm Radius 3/4" X 5-1/2" X 8'
MONAPSN58WP96|129.00|Sq Stair Nosing Prime Euro Oak 4mm Radius 5/8" X 5-1/2" X 8'
MONAPSN58WR96|79.00|Sq Stair Nosing Rustic Euro Oak 4mm Radius 5/8" X 5-1/2" X 8'
MONFTH96D2LO|99.00|End Cap/Threshold European Oak Lorraine 96-1/2"
MONFTH96D2VT|99.00|End Cap/Threshold European Oak Verte 96-1/2"
MONAPSNW7DF1242|0.00|Stair Nosing Euro Oak Unf 1/2" X 3-1/2" X 42" 7-Day Fumed
MONST96D2LO2|479.00|Tread European Oak Lorraine 96-1/2"
MONFTM96D2AE|89.00|T-Mold European Oak Allier 96-1/2"
MONFTM96D2MC|89.00|T-Mold European Oak Montrichard 96-1/2"
MONAPSNW12847D|75.00|Sq Stair Nosing Eased Euro Oak Unf 1/2" X 3-1/2" X 84" 7-Day Fume
MONRR96D2AE|89.00|Reducer European Oak Allier 96-1/2"
MONRR96D2RZ|89.00|Reducer European Oak Retz 96-1/2"
MONRR96D2VT|89.00|Reducer European Oak Verte 96-1/2"
MONFTH96REMG8|79.00|End Cap/Threshold European Oak Margaret 96"
MONAPRD58WP78|15.00|Reducer Euro Oak Prime Unfinished 5/8" X 2" X 78"
MONAPSTWP144|329.00|Sq Tread Prime Euro Oak 4mm Radius Unf 1" X 11-3/4" X 12'
MONAPSTWP48|95.00|Sq Tread Prime Euro Oak 4mm Radius 1" X 11-3/4" X 48"
MONAPSTWP96|200.00|Sq Tread Prime Euro Oak 4mm Radius 1" X 11-3/4" X 8'
MONSQSN96DVFL|139.00|Square Stairnose European Oak Foxley 96"
MONSQSN86PRCL|149.00|Square Stairnose Red Oak Cielo 86"
MONSQSN86PRAR|149.00|Square Stairnose Red Oak Aria 86"
MONSQSN86LEOAP|189.00|Square Stairnose European Oak Ampola 86"
MONRR75HJONR|49.00|Reducer Japanese Oak Raw Look 75"
MONSQSN118LATH|179.00|Square Stairnose European Oak Thyon 118"
MONAPTMWP78|16.00|T-Mold Euro Oak Prime Unfinished 5/8" X 2" X 78"
MONFTM96VPA|69.00|T-Mold European Oak Panna 96"
MONFTM96MWF|69.00|T-Mold European Oak Welford 96"
MONFTM96MBR|69.00|T-Mold European Oak Barnsley 96"
MONFTM96DVLG|59.00|T-Mold European Oak Langdon 96"
MONFTM96DVFL|59.00|T-Mold European Oak Foxley 96"
MONFTM86PRVS|59.00|T-Mold Red Oak Vista 86"
MONFTM86PRVR|59.00|T-Mold Red Oak Veranda 86"
MONFTM86PRAR|59.00|T-Mold Red Oak Aria 86"
MONFTM86LEOCM|59.00|T-Mold European Oak Como 86"
MONFTM86LEOAP|59.00|T-Mold European Oak Ampola 86"
MONFTM84REIS|69.00|T-Mold European Oak Isabella 84"
MONFTM84RECL|69.00|T-Mold European Oak Carolina 84"
MONFTM75HJONN|49.00|T-Mold Japanese Oak Natural 75"
MONST96VNB2|449.00|Tread European Oak Nebbia 96"
MONST96VCP2|449.00|Tread European Oak Campo 96"
MONST96MAL2|449.00|Tread European Oak Aldin 96"
MONRR96REMG8|69.00|Reducer European Oak Margaret 96"
MONRR96REJU8|69.00|Reducer European Oak Juliana 96"
MONRR96REEL8|69.00|Reducer European Oak Eleanor 96"
MONSQSN75HJAR|149.00|Square Stairnose Japanese Ash Raw Look 75"
MONFTM86TCZ|69.00|T-Mold European Oak Cezanne 86"
MONFTM86TCS|69.00|T-Mold European Oak Cassatt 86"
MONFTM118LAVN|89.00|T-Mold European Oak Venosta 118"
MONFTM118LALM|89.00|T-Mold European Oak Lumiere 118"
MONST86TMS2|399.00|Tread European Oak Matisse 86"
MONST86TLT2|399.00|Tread European Oak Latour 86"
MONST86TCZ2|399.00|Tread European Oak Cezanne 86"
MONST86TCS2|399.00|Tread European Oak Cassatt 86"
MONST86TBZ2|399.00|Tread European Oak Bazille 86"
MONFTM75HJONLS|49.00|T-Mold Japanese Oak Light Smoked 75"
MONFTM75HJAR|49.00|T-Mold Japanese Ash Raw Look 75"
MONFTH96VCP|79.00|End Cap/Threshold European Oak Campo 96"
MONFTH96VBR|79.00|End Cap/Threshold European Oak Bruno 96"
MONFTH96MAL|79.00|End Cap/Threshold European Oak Aldin 96"
MONFTH96DVCT|69.00|End Cap/Threshold European Oak Citadel 96"
MONFTH86PRAR|69.00|End Cap/Threshold Red Oak Aria 86"
MONFTH84REJU|79.00|End Cap/Threshold European Oak Juliana 84"
MONRR94VLW|59.00|Reducer Walnut Natural 94"
MONSQSN96VNB2|149.00|Square Stairnose European Oak Nebbia 96"
MONSQSN96VBS2|149.00|Square Stairnose European Oak Basalto 96"
MONSQSN96VBR2|149.00|Square Stairnose European Oak Bruno 96"
MONSQSN96MSU2|139.00|Square Stairnose European Oak Sutton 96"
MONSQSN96MBR2|139.00|Square Stairnose European Oak Barnsley 96"
MONWRIEOP42|69.00|Riser Prime Euro Oak Unf 3/4" X 7-1/2" X 42"
MONWRIEOR97|119.00|Riser Light Rustic Euro Oak Unf 3/4" X 7-1/2" X 97"
MONFTH86TSS|79.00|End Cap/Threshold European Oak Sisley 86"
MONFTH86TMN|79.00|End Cap/Threshold European Oak Monet 86"
MONFTH86TLT|79.00|End Cap/Threshold European Oak Latour 86"
MONFTH86TDG|79.00|End Cap/Threshold European Oak Degas 86"
MONFTH86TCZ|79.00|End Cap/Threshold European Oak Cezanne 86"
MONFTH118LAVN|99.00|End Cap/Threshold European Oak Venosta 118"
MONFTH118LAPR|99.00|End Cap/Threshold European Oak Parsenn 118"
MONFTH118LALM|99.00|End Cap/Threshold European Oak Lemiere 118"
MONST96DVLG|399.00|Tread European Oak Langdon 96"
MONST86PRBL|329.00|Tread Red Oak Bella 86"
MONST84REJU|349.00|Tread European Oak Juliana 84"
MONRR96VBS|69.00|Reducer European Oak Basalto 96"
MONRR96MCM|69.00|Reducer European Oak Campton 96"
MONRR96DVWM|59.00|Reducer European Oak Walmer 96"
MONRR86PRVS|59.00|Reducer Red Oak Vista 86"
MONRR86PRVR|59.00|Reducer Red Oak Veranda 86"
MONRR86PRCL|59.00|Reducer Red Oak Cielo 86"
MONRR86PRBL|59.00|Reducer Red Oak Bella 86"
MONRR86LEOMR|59.00|Reducer European Oak Moro 86"
MONRR86LEODV|59.00|Reducer European Oak Devero 86"
MONRR86LEOCM|59.00|Reducer European Oak Como 86"
MONRR75HJCS|49.00|Reducer Japanese Chestnut Smoked 75"
MONFTM96REIC8|69.00|T-Mold European Oak Isabella 96"
MONFTM96REEL8|69.00|T-Mold European Oak Eleanor 96"
MONSQSN94VLW|199.00|Square Stairnose Walnut Natural 94"
MONRR86TMS|69.00|Reducer European Oak Matisse 86"
MONRR86TLT|69.00|Reducer European Oak Latour 86"
MONRR118LAVN|89.00|Reducer European Oak Venosta 118"
MONRR118LAPR|89.00|Reducer European Oak Parsenn 118"
MONRR118LANN|89.00|Reducer European Oak Nendaz 118"
MONRR118LAGN|89.00|Reducer European Oak Grenoble 118"
MONAPRDW5878|0.00|Reducer Euro Oak Rustic Unfinished 5/8" X 2" X 78"
MONWSTEOR48|75.00|Tread Lt Rustic Euro Oak 4mm Radius Unf 1" X 11-1/2" X 48"
MONWSTEOR42|65.00|Tread Lt Rustic Euro Oak 4mm Radius Unf 1" X 11-1/2" X 42"
MONAPSNW1284|69.00|Sq Stair Nosing Eased Rustic Euro Oak Unf 1/2" X 3-1/2" X 84"
MONST75HJONLS|299.00|Tread Japanese Oak Light Smoked 75"
MONSQSN96DVWM|139.00|Square Stairnose European Oak Walmer 96"
MONSQSN96DVCT|139.00|Square Stairnose European Oak Citadel 96"
MONSQSN96DVBR|139.00|Square Stairnose European Oak Bradfield 96"
MONSQSN86PRVR|149.00|Square Stairnose Red Oak Veranda 86"
MONSQSN86PRBL|149.00|Square Stairnose Red Oak Bella 86"
MONSQSN75HJONS|149.00|Square Stairnose Japanese Oak Smoked 75"
MONSQSN75HJONN|149.00|Square Stairnose Japanese Oak Natural 75"
MONRR75HJONLS|49.00|Reducer Japanese Oak Light Smoked 75"
MONFTM94VLW|59.00|T-Mold Walnut Natural 94"
MONAPRD34WP78|20.00|Reducer Euro Oak Prime Unfinished 3/4" X 2" X 78"
MONSQSN118LALM|179.00|Square Stairnose European Oak Lumiere 118"
MONSQSN118LAGN|179.00|Square Stairnose European Oak Grenoble 118"
MONFTM96VBR|69.00|T-Mold European Oak Bruno 96"
MONFTM96MWN|69.00|T-Mold European Oak Winslow 96"
MONFTM96MSU|69.00|T-Mold European Oak Sutton 96"
MONFTM96MAL|69.00|T-Mold European Oak Aldin 96"
MONFTM96DVWM|59.00|T-Mold European Oak Walmer 96"
MONFTM96DVCT|59.00|T-Mold European Oak Citadel 96"
MONFTM96DVBR|59.00|T-Mold European Oak Bradfield 96"
MONFTM96DVAS|59.00|T-Mold European Oak Ashley 96"
MONFTM86PRDU|59.00|T-Mold Red Oak Duna 86"
MONFTM86LEOMR|59.00|T-Mold European Oak Moro 86"
MONFTM86LEODV|59.00|T-Mold European Oak Devero 86"
MONFTM86LEOBV|59.00|T-Mold European Oak Belviso 86"
MONFTM84REJU|69.00|T-Mold European Oak Juliana 84"
MONRR96REIC8|69.00|Reducer European Oak Isabella 96"
MONRR96RECL8|69.00|Reducer European Oak Carolina 96"
MONSQSN75HJONR|149.00|Square Stairnose Japanese Oak Raw Look 75"
MONAPRIW96P|149.00|Riser Prime Euro Oak Unfinished 3/4" X 7-1/2" X 96"
MONFTM86TMS|69.00|T-Mold European Oak Matisse 86"
MONFTM86TLT|69.00|T-Mold European Oak Latour 86"
MONFTM118LAGN|89.00|T-Mold European Oak Grenoble 118"
MONFTH94VLM|99.00|End Cap/Threshold Maple Natural 94"
MONFTH82TTLRN|89.00|End Cap/Threshold Teak Natural 82"
MONAPSNW1242|0.00|Stair Nosing White Oak Unf 1/2" X 3-1/2" X 42"
MONFTH96VBS|79.00|End Cap/Threshold European Oak Basalto 96"
MONFTH96DVWM|69.00|End Cap/Threshold European Oak Walmer 96"
MONFTH96DVFL|69.00|End Cap/Threshold European Oak Foxley 96"
MONFTH96DVBR|69.00|End Cap/Threshold European Oak Bradfield 96"
MONFTH96DVAS|69.00|End Cap/Threshold European Oak Ashley 96"
MONFTH86PRVS|69.00|End Cap/Threshold Red Oak Vista 86"
MONFTH86PRVR|69.00|End Cap/Threshold Red Oak Veranda 86"
MONFTH86PRBL|69.00|End Cap/Threshold Red Oak Bella 86"
MONFTH75HJCS|69.00|End Cap/Threshold Japanese Chestnut Smoked 75"
MONSQSN96VPA2|149.00|Square Stairnose European Oak Panna 96"
MONSQSN96VCP2|149.00|Square Stairnose European Oak Campo 96"
MONSQSN96REIC8|159.00|Square Stairnose European Oak Isabella 96"
MONSQSN96REEL8|159.00|Square Stairnose European Oak Eleanor 96"
MONSQSN96MCM2|139.00|Square Stairnose European Oak Campton 96"
