MARBLE,,,,,,
SKU,Description,Size,Finish,Thickness,Price,Type
MX116,AFYON SUGAR POLISHED 12X12,12x12,Polished,"3/8"" (8.5mm)",$8.80,Tile
MX117,AFYON SUGAR POLISHED 18X18,18x18,Polished,"1/2""",$9.90,Tile
MX111,AFYON SUGAR POLISHED MARBLE SLAB,Slab,Polished,"3/4"" (20mm)",$19.00,Slab
MX152T,ANTIQUE BOTTICINO 3X6 TUMBLED SUBWAY,3x6,Tumbled,"3/8"" (8.5mm)",$4.70,Subway tile
MX127,ANTIQUE BOTTOCINO 4X4 TUMBLED,4x4,Tumbled,"3/8"" (8.5mm)",$5.70,Tile
MX128,ANTIQUE BOTTOCINO 6X6 TUMBLED,6x6,Tumbled,"3/8"" (8.5mm)",$4.70,Tile
MX139,ANTIQUE CREMA MARFIL 3X6 TUMBLED SUBWAY,3x6,Tumbled,"3/8"" (8.5mm)",$4.70,Subway tile
MX137,ANTIQUE CREMA MARFIL 4X4 TUMBLED,4x4,Tumbled,"3/8"" (8.5mm)",$4.70,Tile
MX138,ANTIQUE CREMA MARFIL 6X6 TUMBLED,6x6,Tumbled,"3/8"" (8.5mm)",$4.70,Tile
MX267,ANTIQUE TUNDRA GREY 4X4 TUMBLED,4x4,Tumbled,"3/8"" (8.5mm)",$4.25,Tile
MX370,BARDIGLIO IMPERIAL POLISHED MARBLE SLAB,Slab,Polished,"3/4"" (20mm)",$16.50,Slab
MX428,BARDIGLIO NUVOLATO HONED 12X24,12x24,Honed,"3/8"" (8.5mm)",$10.75,Tile
MX621,BARDIGLIO NUVOLATO POLISHED MARBLE SLAB,Slab,Polished,"3/4"" (20mm)",$19.25,Slab
MX868,BIANCO LAVINIA POLISHED MARBLE SLAB,Slab,Polished,"3/4"" (20mm)",$15.00,Slab
MX407,BIANCO MARE 3X6 DEEP BEVELED POLISHED SUBWAY,3x6,Polished,"3/8"" (8.5mm)",$6.75,Subway tile
MX331,BIANCO MARE 3X6 HONED SUBWAY,3x6,Honed,"3/8"" (8.5mm)",$3.95,Subway tile
MX330,BIANCO MARE 3X6 POLISHED SUBWAY,3x6,Polished,"3/8"" (8.5mm)",$3.95,Subway tile
MX332,BIANCO MARE 6X6 HONED,6x6,Honed,"3/8"" (8.5mm)",$3.95,Tile
MX514,BOTTICINO CLASSICO POLISHED MARBLE SLAB,Slab,Polished,"3/4"" (20mm)",$14.30,Slab
MX126,BOTTOCINO FIORITO POLISHED 12X12,12x12,Polished,"3/8"" (8.5mm)",$8.00,Tile
MX760,BOTTOCINO FIORITO POLISHED 18X18,18x18,Polished,"3/8"" (8.5mm)",$9.65,Tile
MX508,BOTTOCINO FIORITO POLISHED MARBLE SLAB,Slab,Polished,"3/4"" (20mm)",$13.20,Slab
MXSTP-2,BRECCIA GRIGIO 3X6 POLISHED SUBWAY,3x6,Polished,"3/8"" (8.5mm)",$5.25,Subway tile
MX238,BRECCIA GRIGIO BRUSHED MARBLE SLAB,Slab,Brushed,"3/4"" (20mm)",$12.00,Slab
MX245,BRECCIA GRIGIO HONED 12X12,12x12,Honed,"3/8"" (8.5mm)",$6.50,Tile
MX294,BRECCIA GRIGIO HONED 12X24,12x24,Honed,"1/2""",$7.00,Tile
MX235,BRECCIA GRIGIO HONED 18X18,18x18,Honed,"1/2""",$6.75,Tile
MX360,BRECCIA GRIGIO HONED MARBLE SLAB,Slab,Honed,"3/4"" (20mm)",$12.00,Slab
MX234,BRECCIA GRIGIO POLISHED 12X12,12x12,Polished,"3/8"" (8.5mm)",$6.50,Tile
MX244,BRECCIA GRIGIO POLISHED 18X18,18x18,Polished,"1/2""",$6.75,Tile
MX237,BRECCIA GRIGIO POLISHED MARBLE SLAB,Slab,Polished,"3/4"" (20mm)",$12.00,Slab
MX363,BRECCIA GRIGIO RED POLISHED MARBLE SLAB,Slab,Polished,"3/4"" (20mm)",$12.00,Slab
MX317,BRECCIA ONICIATA POLISHED 12X12,12x12,Polished,"1/2""",$10.20,Tile
MX764,BRECCIA ONICIATA POLISHED 18X18,18x18,Polished,"3/8"" (8.5mm)",$12.40,Tile
MX509,BRECCIA ONICIATA POLISHED MARBLE SLAB,Slab,Polished,"3/4"" (20mm)",$14.85,Slab
MX873,CALACATTA BELGIA HONED MARBLE SLAB,Slab,Honed,"3/4"" (20mm)",$52.00,Slab
MX874,CALACATTA BELGIA POLISHED MARBLE SLAB,Slab,Polished,"3/4"" (20mm)",$52.00,Slab
MX870,CALACATTA BLUETTE POLISHED MARBLE SLAB,Slab,Polished,"3/4"" (20mm)",$40.00,Slab
MX890,CALACATTA BORGINI POLISHED MARBLE SLAB,Slab,Polished,"3/4"" (20mm)",$85.00,Slab
MX620,CALACATTA CALDIA POLISHED MARBLE SLAB,Slab,Polished,"3/4"" (20mm)",$57.50,Slab
MX304,CALACATTA GOLD 12X12 HONED,12x12,Honed,"3/8"" (8.5mm)",$17.25,Tile
MX303,CALACATTA GOLD 12X12 POLISHED ,12x12,Polished,"3/8"" (8.5mm)",$17.25,Tile
MX107,CALACATTA GOLD 12X24 HONED,12x24,Honed,"3/8"" (8.5mm)",$23.00,Tile
MX109,CALACATTA GOLD 12X24 POLISHED,12x24,Polished,"3/8"" (8.5mm)",$23.00,Tile
MX105,CALACATTA GOLD 12X6 HONED,6x12,Honed,"3/8"" (8.5mm)",$17.25,Tile
MX103,CALACATTA GOLD 12X6 POLISHED,6x12,Polished,"3/8"" (8.5mm)",$17.25,Tile
MX743,CALACATTA GOLD 18X18 HONED,18x18,Honed,"1/2""",$24.00,Tile
MX741,CALACATTA GOLD 18X18 POLISHED,18x18,Polished,"1/2""",$24.00,Tile
MXEL-222,CALACATTA GOLD 3X6 DEEP BEVELED HONED SUBWAY,3x6,Honed,"3/8"" (8.5mm)",$16.50,Subway tile
MXEL-23,CALACATTA GOLD 3X6 DEEP BEVELED POLISHED SUBWAY,3x6,Polished,"3/8"" (8.5mm)",$16.50,Subway tile
MX263,CALACATTA GOLD 3X6 HONED SUBWAY,3x6,Honed,"3/8"" (8.5mm)",$15.15,Subway tile
MX264,CALACATTA GOLD 3X6 POLISHED SUBWAY,3x6,Polished,"3/8"" (8.5mm)",$15.15,Subway tile
MX105,CALACATTA GOLD 6X12 HONED,6x12,Honed,"3/8"" (8.5mm)",$17.25,Tile
MX103,CALACATTA GOLD 6X12 POLISHED,6x12,Polished,"3/8"" (8.5mm)",$17.25,Tile
MX295,CALACATTA GOLD CLASSIC POLISHED MARBLE SLAB,Slab,Polished,"3/4"" (20mm)",$33.00,Slab
MX603,CALACATTA GOLD HONED MARBLE SLAB,Slab,Honed,"3/4"" (20mm)",$57.20,Slab
MX602,CALACATTA GOLD POLISHED MARBLESLAB,Slab,Polished,"3/4"" (20mm)",$57.20,Slab
MX604,CALACATTA GOLD SLAB EXTRA POLISHED MARBLE SLAB,Slab,Polished,"3/4"" (20mm)",$99.00,Slab
MX283,CALACATTA MACHIA VAGLI POLISHED MARBLE SLAB,Slab,Polished,"3/4"" (20mm)",$39.00,Slab
MX893,CALACATTA MACHIA VECHIA HONED MARBLE SLAB,Slab,Honed,"3/4"" (20mm)",$95.70,Slab
MX892,CALACATTA MACHIA VECHIA POLISHED MARBLE SLAB,Slab,Polished,"3/4"" (20mm)",$95.70,Slab
MX296,CALACATTA MICHELANGELO POLISHED MARBLE SLAB,Slab,Polished,"3/4"" (20mm)",$52.00,Slab
MX1499,CALACATTA MONET POLISHED MARBLE SLAB,Slab,Polished,"3/4"" (20mm)",#N/A,Slab
MX253,CALACATTA VAGLI POLISHED MARBLE SLAB,Slab,Polished,"3/4"" (20mm)",$39.00,Slab
MX515,CARRARA STATUARIETTO POLISHED MARBLE SLAB,Slab,Polished,"3/4"" (20mm)",$20.90,Slab
MX535,CARRARA VENETINO BIANCO HONED MARBLE SLAB,Slab,Honed,"3/4"" (20mm)",$17.35,Slab
MX516,CARRARA VENETINO BIANCO POLISHED MARBLE SLAB,Slab,Polished,"3/4"" (20mm)",$17.35,Slab
MX513,"CARRARA WHITE ""C"" EXTRA HONED MARBLE SLAB",Slab,Honed,"3/4"" (20mm)",$15.75,Slab
MX510,"CARRARA WHITE ""C"" EXTRA POLISHED MARBLE SLAB",Slab,Polished,"3/4"" (20mm)",$15.75,Slab
MX419,"CARRARA WHITE ""C"" HONED 24X24",24x24,Honed,"3/8"" (8.5mm)",$12.95,Tile
MX420,"CARRARA WHITE ""C"" POLISHED 24X24",24x24,Polished,"3/8"" (8.5mm)",$12.95,Tile
MX324,CARRARA WHITE 12X12 HONED,12x12,Honed,"3/8"" (8.5mm)",$7.15,Tile
MX323,CARRARA WHITE 12X12 POLISHED,12x12,Polished,"3/8"" (8.5mm)",$7.15,Tile
MX320,CARRARA WHITE 12X24 HONED,12x24,Honed,"3/8"" (8.5mm)",$11.00,Tile
MX326,CARRARA WHITE 12X24 POLISHED,12x24,Polished,"3/8"" (8.5mm)",$8.55,Tile
MX733,CARRARA WHITE 18X18 HONED,18x18,Honed,"1/2""",$9.10,Tile
MX732,CARRARA WHITE 18X18 POLISHED,18x18,Polished,"1/2""",$9.10,Tile
MXORA-57,CARRARA WHITE 3X6 DEEP BEVELED POLISHED SUBWAY,3x6,Polished,"3/8"" (8.5mm)",$9.83,Subway tile
MXORA-2,CARRARA WHITE 3X6 HONED SUBWAY,3x6,Honed,"3/8"" (8.5mm)",$8.80,Subway tile
MXORA-20,CARRARA WHITE 3X6 POLISHED SUBWAY,3x6,Polished,"3/8"" (8.5mm)",$8.80,Subway tile
MX611,CARRARA WHITE 4X12 MICRO BEVELED HONED,4x12,Honed,"3/8"" (8.5mm)",$8.80,Tile
MXORA-10,CARRARA WHITE 5X12 BASEBOARD HONED,5x12,Honed,"3/8"" (8.5mm)",$11.90,Tile
MXORA-9,CARRARA WHITE 5X12 BASEBOARD POLISHED,5x12,Polished,"3/8"" (8.5mm)",$11.90,Tile
MXORA-39,CARRARA WHITE 6X12 MICRO BEVELED HONED,6x12,Honed,"3/8"" (8.5mm)",$8.80,Tile
MXORA-38,CARRARA WHITE 6X12 MICRO BEVELED POLISHED,6x12,Polished,"3/8"" (8.5mm)",$8.80,Tile
MX527,CARRARA WHITE CD POLISHED MARBLE SLAB,Slab,Polished,"3/4"" (20mm)",$10.45,Slab
MX163,CARRARA WHITE HONED MARBLE SLAB,Slab,Honed,"3/4"" (20mm)",#N/A,Slab
MX511,CARRARA WHITE POLISHED MARBLE SLAB,Slab,Polished,"3/4"" (20mm)",$13.50,Slab
MX145,CREMA MARFIL 12X12 SELECT POLISHED,12X12,Polished,"3/8"" (8.5mm)",$6.75,Tile
MX731,CREMA MARFIL 18X18 SELECT POLISHED,18x18,Polished,"5/8""",$9.65,Tile
MX517,CREMA MARFIL SELECT POLISHED MARBLE SLAB,Slab,Polished,"3/4"" (20mm)",$12.10,Slab
MX307,DAINO REAL (SCORPIO) 12X12 POLISHED,12x12,Polished,"3/8"" (8.5mm)",$7.25,Tile
MX178,EMPERADOR LIGHT 12X12 POLISHED,12x12,Polished,"3/8"" (8.5mm)",$7.00,Tile
MX179,EMPERADOR LIGHT(TURKISH) 12X12 POLISHED,12x12,Polished,"3/8"" (8.5mm)",$6.60,Tile
MX190,EMPERADOR LIGHT(TURKISH) 12x24 POLISHED,12x24,Polished,"1/2""",$6.90,Tile
MX306,FRENCH VANILLA 12X12 POLISHED,12x12,Polished,"3/8"" (8.5mm)",$7.75,Tile
MX175,GIALLO ANTICATO 12X12 MARBLE POLISHED,12x12,Polished,"3/8"" (8.5mm)",#N/A,Tile
MX1236,GIALLO ANTICO POLISHED MARBLE SLAB,Slab,Polished,"3/4"" (20mm)",$20.00,Slab
MX291,GIALLO REALE 12X12 POLISHED,12x12,Polished,"3/8"" (8.5mm)",$9.10,Tile
MX541,GIALLO REALE POLISHED MARBLE SLAB,Slab,Polished,"3/4"" (20mm)",$12.00,Slab
MX223,NEGRO MARQUINA 12X12 POLISHED,12x12,Polished,"3/8"" (8.5mm)",$8.80,Tile
MX426,NEGRO MARQUINA 12X24 HONED,12x24,Honed,"3/8"" (8.5mm)",$7.45,Tile
MX427,NEGRO MARQUINA 12X24 POLISHED,12x24,Polished,"3/8"" (8.5mm)",$7.45,Tile
MX425,NEGRO MARQUINA 18X18 HONED,18x18,Honed,"3/8"" (8.5mm)",$7.45,Tile
MX325,NEGRO MARQUINA 18X18 POLISHED,18x18,Polished,"3/8"" (8.5mm)",$7.45,Tile
MX507,NEGRO MARQUINA POLISHED MARBLE SLAB,Slab,Polished,"3/4"" (20mm)",$12.00,Slab
MX507,NEGRO MARQUINA POLISHED MARBLE SLAB,Slab,Polished,"3/4"" (20mm)",$12.00,Slab
MX8196,OPAL WHITE BRUSHED (POLAR WHITE) MARBLESLAB,Slab,Polished,"3/4"" (20mm)",$31.00,Slab
MX8190,OPAL WHITE POLISHED (POLAR WHITE) MARBLE SLAB,Slab,Polished,"3/4"" (20mm)",$28.60,Slab
MX519,OPERA FANTASTICO POLISHED MARBLE SLAB,Slab,Polished,"3/4"" (20mm)",$30.00,Slab
MX286,OYSTER WHITE 12X24 HONED,12x24,Honed,"1/2""",$5.25,Tile
MX262,OYSTER WHITE 12X24 POLISHED,12x24,Polished,"1/2""",$5.25,Tile
MX289,OYSTER WHITE 3X6 HONED SUBWAY,3x6,Honed,"3/8"" (8.5mm)",$4.15,Subway tile
MX288,OYSTER WHITE 6X12 HONED,6X12,Honed,"3/8"" (8.5mm)",$4.75,Tile
MX520,PARANA WHITE HONED MARBLE SLAB,Slab,Honed,"3/4"" (20mm)",$14.00,Slab
MX251,ROSALIA BEIGE 12X12 POLISHED,12x12,Polished,"3/8"" (8.5mm)",$4.55,Tile
MX240,ROSSO LEVANTO 12X12 POLISHED,12x12,Polished,"3/8"" (8.5mm)",$12.40,Tile
MX242,ROSSO VERONA 12X12 POLISHED,12x12,Polished,"3/8"" (8.5mm)",$7.45,Tile
MX539,ROSSO VERONA POLISHED MARBLE SLAB,Slab,Polished,"3/4"" (20mm)",$10.00,Slab
MX343,SANDY BEIGE 12X12 HONED,12x12,Honed,"3/8"" (8.5mm)",$5.35,Tile
MX342,SANDY BEIGE 12X12 POLISHED,12x12,Polished,"3/8"" (8.5mm)",$5.35,Tile
MX141,SANDY BEIGE 12X24 POLISHED,12x24,Polished,"3/8"" (8.5mm)",#N/A,Tile
MX346,SANDY BEIGE 18X18 POLISHED,18x18,Polished,"3/8"" (8.5mm)",$5.75,Tile
MX522,SARRANCOLIN POLISHED MARBLE SLAB,Slab,Polished,"3/4"" (20mm)",$24.00,Slab
MX523,STATUARIO ROMANO POLISHED MARBLE SLAB,Slab,Honed,"3/4"" (20mm)",$16.00,Slab
MX601,THASSOS AA WHITE POLISHED MARBLE SLAB,Slab,Polished,"3/4"" (20mm)",$38.00,Slab
MX321,THASSOS WHITE 12X12 AA SELECT POLISHED,12x12,Polished,"3/8"" (8.5mm)",$13.75,Tile
MX984,THASSOS WHITE 12X24 SELECT HONED,12x24,Honed,"1/2""",$22.00,Tile
MX983,THASSOS WHITE 12X24 SELECT POLISHED,12x24,Polished,"1/2""",$22.00,Tile
MX999,THASSOS WHITE 18X18 SELECT HONED,18x18,Honed,"1/2""",$24.75,Tile
MX964,THASSOS WHITE 18X18 SELECT POLISHED,18x18,Polished,"1/2""",$24.75,Tile
MX609,THASSOS WHITE 3X6 HONED SUBWAY,3x6,Honed,"3/8"" (8.5mm)",$13.75,Subway tile
MX608,THASSOS WHITE 3X6 POLISHED SUBWAY,3x6,Polished,"3/8"" (8.5mm)",$13.75,Subway tile
MX864,THASSOS WHITE 4X12 MICRO BEVELED HONED,4x12,Honed,"3/8"" (8.5mm)",$14.30,Tile
MX865,THASSOS WHITE 4X12 MICROBEVELD POLISHED,4x12,Polished,"3/8"" (8.5mm)",$14.30,Tile
MX866,THASSOS WHITE 6X12 HONED,6x12,Honed,"3/8"" (8.5mm)",$14.30,Tile
MX607,THASSOS WHITE 6X12 MICRO BEVELED POLISHED,6x12,Polished,"3/8"" (8.5mm)",$14.30,Tile
MX275,TUNDRA GREY 12X12 HONED,12x12,Honed,"3/8"" (8.5mm)",$6.05,Tile
MX273,TUNDRA GREY 12X12 POLISHED,12x12,Polished,"3/8"" (8.5mm)",$5.50,Tile
MX265-1,TUNDRA GREY 12X24 BEVELED HONED,12x24,Honed,"1/2""",$6.90,Tile
MX265,TUNDRA GREY 12X24 HONED STRIGHT EDGE,12x24,Honed,"1/2""",$6.90,Tile
MX277,TUNDRA GREY 12X24 POLISHED,12x24,Polished,"1/2""",$6.90,Tile
MX266,TUNDRA GREY 18X18 HONED,18x18,Honed,"1/2""",$6.90,Tile
MX274,TUNDRA GREY 18X18 POLISHED,18x18,Polished,"1/2""",$6.90,Tile
MX272,TUNDRA GREY HONED MARBLE SLAB,Slab,Honed,"3/4"" (20mm)",$9.50,Slab
MX404,VERDE BORGOGNA POLISHED MARBLE SLAB,Slab,Polished,"3/4"" (20mm)",$24.00,Slab
MX197,VERDE LAGUNA 12X12 POLISHED,12X12,Polished,"3/8"" (8.5mm)",$16.00,Tile
MX418,WHITE DOLOMITE 12X24 HONED,12x24,Honed,"1/2""",$21.00,Tile
MX417,WHITE DOLOMITE 12X24 POLISHED,12x24,Polished,"1/2""",$21.00,Tile
,,,,,,
LIMESTONE,,,,,,
SKU,Description,Size,Finish,Thickness,Price,Type
MX8173,BEAUMANIERE 12X24 LIMESTONE HONED,12x24,Honed,"1/2""",$12.00,Tile
MX8120,BEAUMANIERE 18X18 LIMESTONE HONED,18X18,Honed,"1/2""",$12.00,Tile
MX8122,BEAUMANIERE 24X24 LIMESTONE HONED,24X24,Honed,"3/4"" (2cm)",$15.00,Tile
MX65L,BEAUMANIERE HONED LIMESTONE SLAB,Slab,Honed,"3/4"" (2cm)",$18.00,Slab
MX8108,GASCOGNE BEIGE 12X12 HONED LIMESTONE,12x12,Honed,"3/8"" (8.5mm)",$5.25,Tile
MX8155,GASCOGNE BEIGE 12X24 HONED LIMESTONE,12X24,Honed,"1/2""",$6.05,Tile
MX8114,GASCOGNE BEIGE 18X18 HONED LIMESTONE,18X18,Honed,"1/2""",$6.05,Tile
MX9291,GASCOGNE BEIGE 18X36 BRUSHED LIMESTONE,18X36,Brushed,"1/2""",$7.45,Tile
MX9290,GASCOGNE BEIGE 18X36 HONED LIMESTONE 18X36,18x36,Honed,"1/2""",$7.45,Tile
MX8172,GASCOGNE BEIGE 24X24 HONED LIMESTONE,24x24,Honed,"1/2""",$6.60,Tile
MX8146,GASCOGNE BEIGE HONED LIMESTONE SLABS,Slab,Honed,"3/4"" (2cm)",$9.35,Slab
MX8105,GASCOGNE BLUE 12X12 HONED LIMESTONE,12x12,Honed,"3/8"" (8.5mm)",$5.75,Tile
MX8156,GASCOGNE BLUE 12X24 HONED LIMESTONE,12x24,Honed,"1/2""",$6.90,Tile
MX8116,GASCOGNE BLUE 18X18 HONED LIMESTONE,18X18,Honed,"1/2""",$6.90,Tile
MX8183,GASCOGNE BLUE 18X36 BRUSHED LIMESTONE,18X36,Brushed,"1/2""",$7.45,Tile
MX8177,GASCOGNE BLUE 18X36 HONED LIMESTONE,18x36,Honed,"1/2""",$7.45,Tile
MX8147,GASCOGNE BLUE HONED LIMESTONE SLAB,Slab,Honed,"3/4"" (2cm)",$9.35,Slab
MX8148,LAGOS BLUE HONED LIMESTONE SLAB,Slab,Honed,"3/4"" (2cm)",$8.50,Slab
MX8110,MOCHA CREAM 12X12 HONED LIMESTONE,12x12,Honed,"3/8"" (8.5mm)",$6.05,Tile
MX8194,MOCHA CREAM 12X24 BRUSHED LIMESTONE,12x24,Brushed,"1/2""",$6.05,Tile
MX8158,MOCHA CREAM 12X24 HONED LIMESTONE,12X24,Honed,"1/2""",$6.05,Tile
MX8174,MOCHA CREAM 12X24 HONED LIMESTONE CROSS CUT,12X24,Honed,"1/2""",$5.50,Tile
MX8118,MOCHA CREAM 18X18 HONED LIMESTONE,18x18,Honed,"1/2""",$6.35,Tile
MX8186,MOCHA CREAM 18X36 BRUSHED LIMESTONE,18x36,Brushed,"1/2""",$7.15,Tile
MX8179,MOCHA CREAM 18X36 HONED LIMESTONE,18x36,Honed,"1/2""",$7.15,Tile
MX8192,MOCHA CREAM 24X48 BRUSHED LIMESTONE,24X48,Brushed,"3/4"" (2cm)",$8.55,Tile
MX8149,MOCHA CREAM HONED LIMESTONE SLAB,Slab,Honed,"3/4"" (2cm)",$9.10,Slab
MX8112,PORTO BEIGE 12X12 HONED LIMESTONE,12x12,Honed,"3/8"" (8.5mm)",$6.05,Tile
MX8159,PORTO BEIGE 12X24 HONED LIMESTONE,12x24,Honed,"1/2""",$6.05,Tile
MX8127,PORTO BEIGE 18X18 HONED LIMESTONE,18x18,Honed,"1/2""",$6.35,Tile
MX8184,PORTO BEIGE 18X36 BRUSHED LIMESTONE,18X36,Brushed,"1/2""",$7.15,Tile
MX8178,PORTO BEIGE 18X36 HONED LIMESTONE,18x36,Honed,"1/2""",$7.15,Tile
MX8185,PORTO BEIGE 24X24 HONED LIMESTONE,24x24,Honed,"1/2""",$6.60,Tile
MX8195,PORTO BEIGE 24X36 HONED LIMESTONE,24x36,Honed,"1/2""",$7.80,Tile
MX8150,PORTO BEIGE HONED LIMESTONE SLABS,Slab,Honed,"3/4"" (2cm)",$9.10,Slab
MX8133,RUSTIC GREEN 12X12 HONED LIMESTONE,12x12,Honed,"3/8"" (8.5mm)",$4.75,Tile
MX8121,RUSTIC GREEN 12X12 POLISHED LIMESTONE,12x12,Polished,"3/8"" (8.5mm)",$5.15,Tile
MX8117,RUSTIC GREEN 18X18 HONED LIMESTONE,18x18,Honed,"1/2""",$4.95,Tile
MX8115,RUSTIC GREEN 18X18 POLISHED LIMESTONE,18x18,Polished,"1/2""",$5.55,Tile
MX8143,RUSTIC GREEN 3X6 LIMESTONE TUMBLED,3x6,Antique,"3/8"" (8.5mm)",$4.35,Subway tile
MX8141,RUSTIC GREEN 4X4 LIMESTONE TUMBLED,4x4,Antique,"3/8"" (8.5mm)",$4.35,Tile
MX8142,RUSTIC GREEN 6X6 LIMESTONE TUMBLED,6x6,Antique,"3/8"" (8.5mm)",$4.35,Tile
,,,,,,
TRAVERTINE,,,,,,
SKU,Description,Size,Finish,Thickness,Price,Type
MX3T,CLASSICO 12X12 CROSS CUT FILLED HONED TRAVERTINE,12x12,Honed,"3/8"" (8.5mm)",$4.70,Tile
MX4T,CLASSICO 12X12 CROSS CUT FILLED POLISHED TRAVERTINE,12x12,Polished,"3/8"" (8.5mm)",$4.50,Tile
MX65T,CLASSICO 12X12 VEIN CUT FILLED POLISHED TRAVERTINE,12x12,Polished,"3/8"" (8.5mm)",$5.00,Tile
MX41T,CLASSICO 12X24 CROSS CUT FILLED HONED TRAVERTINE,12x24,Honed,"1/2"" (12mm)",$4.70,Tile
MX42T,CLASSICO 12X24 VEIN CUT FILLED HONED TRAVERTINE,12x24,Honed,"1/2"" (12mm)",$8.25,Tile
MX43T,CLASSICO 12X24 VEIN CUT FILLED POLISHED TRAVERTINE,12x24,Polished,"1/2"" (12mm)",$6.05,Tile
MX832T,CLASSICO 18X18 CHISELED FILLED HONED TRAVERTINE,18x18,Honed,"1/2"" (12mm)",$4.75,Tile
MX784T,CLASSICO 18X18 CROSS CUT FILLED HONED TRAVERTINE,18x18,Honed,"1/2"" (12mm)",$4.70,Tile
MX798T,CLASSICO 18X18 TUMBLED TRAVERTINE,18x18,Brushed,"1/2"" (12mm)",$5.25,Tile
MX788T,CLASSICO 18X18 VEIN CUT FILLED POLISHED TRAVERTINE,18x18,Polished,"1/2"" (12mm)",$6.00,Tile
MX53TC,CLASSICO 18X36 CROSS CUT FILLED HONED TRAVERTINE,18x36,Honed,"1/2"" (12mm)",$7.45,Tile
MX53T,CLASSICO 18X36 VEIN CUT FILLED HONED TRAVERTINE,18x36,Honed,"1/2"" (12mm)",$9.00,Tile
MX52T,CLASSICO 18X36 VEIN CUT UNFILLED HONED TRAVERTINE,18x36,Honed,"1/2"" (12mm)",$9.25,Tile
MX805T,CLASSICO 24X24 CROSS CUT FILLED HONED TRAVERTINE,24x24,Honed,"1/2"" (12mm)",$6.05,Tile
MX163T,CLASSICO 3X6 SUBWAY TUMBLED TRAVERTINE,3x6,Antique,"3/8"" (8.5mm)",$4.95,Subway tile
MX80T,CLASSICO 4X4 SQUARE TUMBLED TRAVERTINE,4x4,Antique,"3/8"" (8.5mm)",$2.25,Tile
MX84T,CLASSICO 6X6 SQUARE TUMBLED TRAVERTINE,6x6,Antique,"3/8"" (8.5mm)",$4.95,Tile
MX40T,CLASSICO 8X8 CHISELED EDGE PAVER TUMBLED TRAVERTINE,8x8,Antique,"1 1/4"" (31.7mm)",$3.50,Paver
MX100T,CLASSICO CROSS CUT TRAVERTINE FILLED HONED SLAB,Slab,Honed,"3/4"" (2cm)",$11.00,Slab
MX1T,CLASSICO TRAVERTINE POOL COPING 12X12 HONED TRAVERTINE,12x12,Honed,"3/8"" (8.5mm)",$9.50,Tile
MX-103T,CLASSICO VEIN CUT TRAVERTINE FILLED HONED SLAB,Slab,Honed,"3/4"" (2cm)",$13.20,Slab
MX59T,ITALIAN SILVER-ITALIAN VEIN CUT TRAVERTINE FILLED HONED SLAB,Slab,Honed,"3/4"" (2cm)",$19.80,Slab
MX817T,IVORY 12X12 CROSS CUT FILLED HONED TRAVERTINE,12x12,Honed,"3/8"" (8.5mm)",$5.75,Tile
MX873T,IVORY 12X12 VEIN CUT FILLED POLISHED TRAVERTINE,12x12,Honed,"3/8"" (8.5mm)",$5.50,Tile
MX819T,IVORY 12X24 CROSS CUT FILLED HONED TRAVERTINE,12x24,Honed,"1/2"" (12mm)",$5.50,Tile
MX50T,IVORY 12X24 VEIN CUT FILLED HONED TRAVERTINE,12x24,Honed,"1/2"" (12mm)",$6.60,Tile
MX51T,IVORY 12X24 VEIN CUT FILLED POLISHED TRAVERTINE,12x24,Polished,"1/2"" (12mm)",$6.25,Tile
MX844T,IVORY 18X18 CHISELED FILLED HONED TRAVERTINE,18x18,Honed,"1/2"" (12mm)",$5.50,Tile
MX814T,IVORY 18X18 CROSS CUT FILLED HONED TRAVERTINE,18x18,Honed,"1/2"" (12mm)",$5.80,Tile
MX826T,IVORY 18X18 CROSS CUT POLISHED FILLED TRAVERTINE,18x18,Polish,"1/2"" (12mm)",$5.80,Tile
MX845T,IVORY 18X18 VEIN CUT FILLED POLISHED TRAVERTINE,18X18,Honed,"1/2"" (12mm)",$5.50,Tile
MX849T,IVORY 18X36 VEIN CUT UNFILLED HONED TRAVERTINE,18x36,Honed,"1/2"" (12mm)",$8.00,Tile
MX812T,IVORY 24X24 CROSS CUT FILLED HONED TRAVERTINE,24x24,Honed,"1/2"" (12mm)",$6.90,Tile
MX167T,IVORY 3X6 SUBWAY TUMBLED TRAVERTINE,3x6,Antique,"3/8"" (8.5mm)",$4.50,Subway tile
MX144T,IVORY 4X4 SQUARE TUMBLED TRAVERTINE,4x4,Antique,"3/8"" (8.5mm)",$2.25,Tile
MX144T,IVORY 4X4 SQUARE TUMBLED TRAVERTINE,4x4,Antique,"3/8"" (8.5mm)",$2.25,Tile
MX818T,IVORY CROSS CUT TRAVERTINE FILLED HONED SLAB,Slab,Honed,"3/4"" (2cm)",$13.20,Slab
MXMV-4,IVORY VEIN CUT TRAVERTINE FILLED HONED SLAB,Slab,Honed,"3/4"" (2cm)",$17.00,Slab
MX104T,NOCE 12X12 CROSS CUT FILLED HONED TRAVERTINE,12X12,Honed,"3/8"" (8.5mm)",$4.70,Tile
MX858T,NOCE 12X12 CROSS CUT FILLED POLISHED TRAVERTINE,12x12,Honed,"3/8"" (8.5mm)",$4.50,Tile
MX69T,NOCE 12X12 TUMBLED TRAVERTINE,12x12,Antique,"3/8"" (8.5mm)",$4.25,Tile
MX21T,NOCE 12X12 VEIN CUT FILLED POLISHED TRAVERTINE,12X12,Polished,"3/8"" (8.5mm)",$4.50,Tile
MX103T,NOCE 12X24 CROSS CUT FILLED HONED TRAVERTINE,12x24,Honed,"1/2"" (12mm)",$4.25,Tile
MX840T,NOCE 18X18 CHISELED FILLED HONED TRAVERTINE,18x18,Honed,"1/2"" (12mm)",$4.75,Tile
MX806T,NOCE 18X18 CROSS CUT FILLED HONED TRAVERTINE,18x18,Honed,"1/2"" (12mm)",$6.10,Tile
MX795T,NOCE 18X18 VEIN CUT FILLED HONED TRAVERTINE,18X18,Honed,"1/2"" (12mm)",$4.50,Tile
MX165T,NOCE 3X6 SUBWAY TUMBLED TRAVERTINE,3x6,Antique,"3/8"" (8.5mm)",$4.50,Subway tile
MX82T,NOCE 4X4 SQUARE TUMBLED TRAVERTINE,4x4,Antique,"3/8"" (8.5mm)",$2.25,Tile
MX91T,NOCE 6X6 SQUARE TUMBLED TRAVERTINE,6x6,Antique,"3/8"" (8.5mm)",$4.50,Tile
MX136T,NOCE 8X8 CHISELED EDGE PAVER TUMBLED TRAVERTINE,8x8,Tumbled,1 1/4,$2.50,Paver
MX44T,NOCE CROSS CUT TRAVERTINE FILLED HONED SLAB,Slab,Honed,"3/4"" (2cm)",$13.20,Slab
MX823T,NOCE VEIN 8X32 CUT FILLED HONED TRAVERTINE,8x32,Honed,"3/8"" (8.5mm)",$5.00,Tile
MX823T,NOCE VEIN 8X32 CUT FILLED HONED TRAVERTINE,8x32,Honed,"3/8"" (8.5mm)",$5.00,Tile
MX60T,OCEAN SILVER-ITALIAN VEIN CUT TRAVERTINE FILLED HONED SLAB,Slab,Honed,"3/4"" (2cm)",$18.70,Slab
MX300T,SCABOS 4X4 STRAIGHT EDGE FILLED HONED TRAVERTINE,4x4,Honed,"3/8"" (8.5mm)",$3.70,Tile
MX835T,SILVER 12X12 CROSS CUT FILLED HONED TRAVERTINE,12x12,Honed,"3/8"" (8.5mm)",$4.75,Tile
MX889T,SILVER 12X24 VEIN CUT FILLED POLISHED TRAVERTINE,12x24,Polished,"1/2"" (12mm)",$6.00,Tile
MX888T,SILVER 12X24 VEIN CUT HONED FILLED TRAVERTINE,12x24,Honed,"1/2"" (12mm)",$5.75,Tile
MX813T,SILVER 18X18 CROSS CUT FILLED HONED TRAVERTINE,18X18,Honed,"1/2"" (12mm)",$5.25,Tile
MX813T,SILVER 18X18 CROSS CUT FILLED HONED TRAVERTINE,18X18,Honed,"1/2"" (12mm)",$5.25,Tile
MX58T,SILVER TURKISH CROSS CUT TRAVERTINE FILLED HONED SLAB,Slab,Honed,"3/4"" (2cm)",$12.00,Slab
MX24T,TUSCANY GOLD 12X12 CROSS CUT FILLED HONED TRAVERTINE,12x12,Honed,"3/8"" (8.5mm)",$5.25,Tile
MX37T,TUSCANY GOLD 12X12 CROSS CUT FILLED POLISHED TRAVERTINE,12x12,Polished,"3/8"" (8.5mm)",$4.75,Tile
MX810T,TUSCANY GOLD 18X18 CROSS CUT FILLED HONED TRAVERTINE,18x18,Honed,"1/2"" (12mm)",$5.25,Tile
MX809T,TUSCANY GOLD 18X18 TUMBLED TRAVERTINE,18x18,Antique,"1/2"" (12mm)",$4.75,Tile
MX164T,TUSCANY GOLD 3X6 SUBWAY TUMBLED TRAVERTINE,3x6,Antique,"3/8"" (8.5mm)",$3.00,Subway tile
MX88T,TUSCANY GOLD 4X4 SQUARE TUMBLED TRAVERTINE,4x4,Antique,"3/8"" (8.5mm)",$2.25,Tile
MX92T,TUSCANY GOLD 6X6 SQUARE TUMBLED TRAVERTINE,6x6,Antique,"3/8"" (8.5mm)",$4.00,Tile
MX140T,TUSCANY GOLD CROSS CUT TRAVERTINE FILLED HONED SLAB,Slab,Honed,"3/4"" (2cm)",$11.00,Slab
MX214T,WALNUT (LIGHT NOCE) 12X12 CROSS CUT FILLED HONED TRAVERTINE,12x12,Honed,"3/8"" (8.5mm)",$4.75,Tile
MX215T,WALNUT (LIGHT NOCE) 18X18 CROSS CUT FILLED HONED TRAVERTINE,18X18,Honed,"1/2"" (12mm)",$5.25,Tile
MX105T,WALNUT (LT NOCE) 12X24 CROSS CUT FILLED HONED TRAVERTINE,12x24,Honed,"1/2"" (12mm)",$4.25,Tile
,,,,,,
QUARTZITE,,,,,,
SKU,Description,Size,Finish,Thickness,Price,Type
MX8191,ATLANTIC BLUE QUARTZITE HONED SLAB,Slab,Honed,"3/4"" (2cm)",$38.50,Slab
MX622,BRILLIANT BLACK QUARTZITE POL SLAB,Slab,Polished,"3/4"" (2cm)",$30.00,Slab
MX8199,CIELO BRUSHED QUARTZITE SLAB,Slab,Brushed,"3/4"" (2cm)",$32.00,Slab
mx1019,CRISTALLO QUARTZITE POLISH SLAB,Slab,Polished,"3/4"" (2cm)",$47.00,Slab
MX8189,GLACIER WHITE QUARTZITE POLISH SLAB,Slab,Polished,"3/4"" (2cm)",$35.20,Slab
MX8171,MADRA PEARL QUARTZITE POLISH SLAB,Slab,Polished,"3/4"" (2cm)",$29.00,Slab
MX8164,NACARADO QUARTZITE POLISH SLAB,Slab,Polished,"3/4"" (2cm)",$24.00,Slab
MX8170,TAJ MAHAL QUARTZITE BRUSHED SLAB,Slab,Brushed,"3/4"" (2cm)",$39.00,Slab
MX8187,TAJ MAHAL QUARTZITE HONED SLAB,Slab,Honed,"3/4"" (2cm)",$38.00,Slab
MX8169,TAJ MAHAL QUARTZITE POLISHED SLAB,Slab,Polished,"3/4"" (2cm)",$38.00,Slab
,,,,,,
GRANITE,,,,,,
SKU,Description,Size,Finish,Thickness,Price,Type
MX1006G,ASPEN WHITE GRANITE SLAB,Slab,Polished,"3/4"" (2cm)",$13.00,Slab
MX1001G,AURUS GRANITE SLAB,Slab,Polished,"3/4"" (2cm)",$14.00,Slab
MX2076G,BETULARIE GRANITE SLAB,Slab,Polished,"3/4"" (2cm)",$18.00,Slab
MX1235G,BIANCO ROMANO BRUSHED GRANITE SLAB,Slab,Brushed,"3/4"" (2cm)",$14.00,Slab
MX1113G,BIANCO ROMANO POLISHED GRANITE SLAB,Slab,Polished,"3/4"" (2cm)",$13.00,Slab
MX1091G,BLACK ABSOLUTE POLISHED SLAB,Slab,Polished,"3/4"" (2cm)",$12.00,Slab
MX1206G,BLACK GALAXY POLISHED GRANITE SLAB,Slab,Polished,"3/4"" (2cm)",$12.00,Slab
MX1075G,BLACK THUNDER GRANITE SLAB,Slab,Polished,"3/4"" (2cm)",$12.00,Slab
MX1106G,BLACK VERMONT GRANITE DEEP-TEK GRANITE SLAB,Slab,Deep Tek,"3/4"" (2cm)",$24.20,Slab
MX1011G,BLUE GUANABARA GRANITE SLAB,Slab,Polished,"3/4"" (2cm)",$12.00,Slab
MX1236G,BRANCO ROMANIX POLISHED GRANITE SLABS,Slab,Polished,"3/4"" (2cm)",$12.00,Slab
MX1336G,FOUR SEASONS POLISHED GRANITE SLAB,Slab,Polished,"3/4"" (2cm)",$14.00,Slab
MX1335G,GENESIS GRANITE SLAB,Slab,Polished,"3/4"" (2cm)",$15.00,Slab
MX1209G,GERIBA GRANITE SLAB,Slab,Polished,"3/4"" (2cm)",$14.50,Slab
MX1088G,GIALLO FIORITO BRUSHED SLAB,Slab,Brushed,"3/4"" (2cm)",$10.00,Slab
MX1078G,GIALLO PORTOFINO GRANITE SLAB,Slab,Polished,"3/4"" (2cm)",$9.50,Slab
MX1014G,GIALLO VENEZIANO GRANITE SLAB,Slab,Polished,"3/4"" (2cm)",$14.50,Slab
MX1146G,GIALLO VICENZA GRANITE SLAB,Slab,Polished,"3/4"" (2cm)",$10.00,Slab
MX1201G,GOLDEN CRYSTAL GRANITE SLAB,Slab,Polished,"3/4"" (2cm)",$16.00,Slab
MX2044G,GRIS CARMEL 12X12 POLISHED GRANITE,12x12,Polished,"1/2""",$5.75,Tile
MX2812G,GRIS CARMEL 18X18 POLISHED GRANITE,18x18,Polished,"3/4""(2CM)",$7.60,Tile
MX1020G,JUPARANA CLASSICO GRANITE SLAB,Slab,Polished,"3/4"" (2cm)",$16.00,Slab
MX1000G,JUPARANA CREMA BORDEUX GRANITE SLAB,Slab,Polished,"3/4"" (2cm)",$14.50,Slab
MX1100G,JUPARANA DELICATUS GRANITE SLAB,Slab,Polished,"3/4"" (2cm)",$14.50,Slab
MX1152G,LAPIDUS GRANITE SLAB,Slab,Polished,"3/4"" (2cm)",$14.50,Slab
MX2056G,MADURA GOLD GRANITE SLAB,Slab,Polished,"3/4"" (2cm)",$13.00,Slab
MX1041G,MASCARELLO POLISHED GRANITE SLAB,Slab,Polished,"3/4"" (2cm)",$19.00,Slab
MX1102G,PERSA CLASSICO (see Gldn Bch) GRANITE SLAB,Slab,Polished,"3/4"" (2cm)",$17.00,Slab
MX1123G,PRAIA DORADO GRANITE SLAB,Slab,Polished,"3/4"" (2cm)",$12.00,Slab
MX1184G,PURPLE DUNES GRANITE SLAB,Slab,Polished,"3/4"" (2cm)",$16.00,Slab
MX1057G,ROSA BETA GRANITE SLAB,Slab,Polished,"3/4"" (2cm)",$8.00,Slab
MX1077G,SANTA CECILIA GRANITE SLAB,Slab,Polished,"3/4"" (2cm)",$9.00,Slab
MX1111G,SATURNIA (COSMOS) GRANITE SLAB,Slab,Polished,"3/4"" (2cm)",$18.00,Slab
MX1114G,SATURNIA LEATHERED GRANITE SLAB,Slab,Leather,"3/4"" (2cm)",$20.00,Slab
MX1138G,SEA FOAM GREEN GRANITE SLAB,Slab,Polished,"3/4"" (2cm)",$21.00,Slab
MX1019G,SIBERIAN WHITE GRANITE SLAB,Slab,Polished,"3/4"" (2cm)",$9.50,Slab
MX1117G,TAN BROWN GRANITE SLAB,Slab,Polished,"3/4"" (2cm)",$8.50,Slab
MX1982G,TYPHOON BORDEAUX GRANITE SLAB,Slab,Polished,"3/4"" (2cm)",$18.00,Slab
MX2079G,UBATUBA/GREEN BRUSHED SLAB,Slab,Brushed,"3/4"" (2cm)",$8.00,Slab
MX1015G,UBATUBA/GREEN GRANITE SLAB,Slab,Polished,"3/4"" (2cm)",$7.50,Slab
MX1073G,VERDE BUTTERFLY LT GRANITE SLAB,Slab,Polished,"3/4"" (2cm)",$7.50,Slab
MX1055G,VIOLETTA GRANITE SLAB,Slab,Polished,"3/4"" (2cm)",$11.00,Slab
MX1252G,VOLGA BLUE GRANITE SLAB,Slab,Polished,"3/4"" (2cm)",$14.50,Slab
MX1046G,ZIMBAWA POLISHED GRANITE SLAB,Slab,Polished,"3/4"" (2cm)",$13.50,Slab
,,,,,,
NATURAL STONE MOSAICS,,,,,,
SKU,Description,Size,Finish,Thickness,Price,Type
MX334,BIANCO MARE 1X2 MARBLE MOSAIC BASKETWEAVE POLISHED,Aprxmtly 12x12,Polished,"3/8"" (8.5mm)",$7.50,Mosaic
MX337,"BIANCO MARE 2"" MARBLE MOSAIC HEXAGON POLISHED",Aprxmtly 12x12,Polished,"3/8"" (8.5mm)",$7.50,Mosaic
MX233,BRECCIA GRIGIO 1X2 MARBLE MOSAIC BRICK POLISHED,Aprxmtly 12x12,Polished,"3/8"" (8.5mm)",$8.00,Mosaic
MX231,BRECCIA GRIGIO 2X2 MABRLE MOSAIC SQUARE POLISHED,Aprxmtly 12x12,Polished,"3/8"" (8.5mm)",$5.50,Mosaic
MXORA-51,"CALACATTA GOLD 1"" MARBLE MOSAIC HEXAGON HONED",Aprxmtly 12x12,Honed,"3/8"" (8.5mm)",$15.95,Mosaic
MXORA-53,"CALACATTA GOLD 1"" MARBLE MOSAIC HEXAGON POLISHED",Aprxmtly 12x12,Polished,"3/8"" (8.5mm)",$15.95,Mosaic
MXORA-42,CALACATTA GOLD 1X2 MARBLE MOSAIC BRICK HONED,Aprxmtly 12x12,Honed,"3/8"" (8.5mm)",$14.85,Mosaic
MX411,CALACATTA GOLD 1X2 MARBLE MOSAIC HERRINGBONE HONED,Aprxmtly 12x12,Honed,"3/8"" (8.5mm)",$14.25,Mosaic
MX412,CALACATTA GOLD 1X2 MARBLE MOSAIC HERRINGBONE POLISHED,Aprxmtly 12x12,Polished,"3/8"" (8.5mm)",$14.25,Mosaic
MXEL-11,CALACATTA GOLD 1X2 WITH GRAY DOT MARBLE MOSAIC BAKSETWEAVE POLISHED,Aprxmtly 12x12,Polished,"3/8"" (8.5mm)",$15.95,Mosaic
MXEL-17,CALACATTA GOLD 1X2 WITH GREY DOT MARBLE MOSAIC BASKETWEAVE HONED,Aprxmtly 12x12,Honed,"3/8"" (8.5mm)",$15.95,Mosaic
MX414,CALACATTA GOLD 1X4 MARBLE MOSAIC HERRINGBONE HONED,Aprxmtly 12x12,Honed,"3/8"" (8.5mm)",$16.50,Mosaic
MX413,CALACATTA GOLD 1X4 MARBLE MOSAIC HERRINGBONE POLISHED,Aprxmtly 12x12,Polished,"3/8"" (8.5mm)",$16.50,Mosaic
MXEL-9,"CALACATTA GOLD 2"" MARBLE MOSAIC HEXAGON HONED",Aprxmtly 12x12,Honed,"3/8"" (8.5mm)",$15.95,Mosaic
MXORA-50,"CALACATTA GOLD 2"" MARBLE MOSAIC HEXAGON POLISHED",Aprxmtly 12x12,Polished,"3/8"" (8.5mm)",$15.95,Mosaic
MXORA-46,"CALACATTA GOLD 2"" MARBLE MOSAIC LANTERN HONED",Aprxmtly 12x12,Honed,"3/8"" (8.5mm)",$17.60,Mosaic
MXEL-21,"CALACATTA GOLD 2"" MARBLE MOSAIC LANTERN POLISHED",Aprxmtly 12x12,Polished,"3/8"" (8.5mm)",$17.60,Mosaic
MXEL-24,CALACATTA GOLD 2X4 MARBLE MOSAIC DEEP BEVELED SUBWAY HONED,Aprxmtly 12x12,Honed,"3/8"" (8.5mm)",$14.50,Mosaic
MXEL-25,CALACATTA GOLD 2X4 MARBLE MOSAIC DEEP BEVELED SUBWAY POLISHED,Aprxmtly 12x12,Polished,"3/8"" (8.5mm)",$14.50,Mosaic
MXEL-19,"CALACATTA GOLD 3"" MARBLE MOSAIC HEXAGON POLISHED",Aprxmtly 12x12,Polished,"3/8"" (8.5mm)",$16.50,Mosaic
MXEL-4,"CARRARA WHITE 1"" MARBLE MOSAIC HEXAGON HONED",Aprxmtly 12x12,Honed,"3/8"" (8.5mm)",$10.10,Mosaic
MXORA-14,"CARRARA WHITE 1"" MARBLE MOSAIC HEXAGON POLISHED",Aprxmtly 12x12,Polished,"3/8""",$10.10,Mosaic
MXORA-34,CARRARA WHITE 1X1 MARBLE MOSAIC SQUARE HONED,Aprxmtly 12x12,Honed,"3/8"" (8.5mm)",$9.35,Mosaic
MXORA-33,CARRARA WHITE 1X1 MARBLE MOSAIC SQUARE POLISHED,Aprxmtly 12x12,Polished,"3/8""",$10.10,Mosaic
MXORA-54,CARRARA WHITE 1X2 MARBLE MOSAIC HERRINGBONE HONED,Aprxmtly 12x12,Honed,"3/8"" (8.5mm)",$9.83,Mosaic
MXORA-55,CARRARA WHITE 1X2 MARBLE MOSAIC HERRINGBONE POLISHED,Aprxmtly 12x12,Polished,"3/8""",$9.83,Mosaic
MXEL-3,CARRARA WHITE 1X2 WITH GREY DOT MARBLE MOSAIC BASKETWEAVE POLISHED,Aprxmtly 12x12,Honed,"3/8"" (8.5mm)",$9.83,Mosaic
MXORA-59,CARRARA WHITE 1X2 WITH SANDY BEIGE DOT MARBLE MOSAIC BASKETWEAVE HONED,Aprxmtly 12x12,Honed,"3/8""",$9.83,Mosaic
MXORA-60,CARRARA WHITE 1X2 WITH SANDY BEIGE DOT MARBLE MOSAIC BASKETWEAVE POLISHED,Aprxmtly 12x12,Polished,"3/8"" (8.5mm)",$9.83,Mosaic
MXORA-4,"CARRARA WHITE 2"" MARBLE MOSAIC HEXAGON HONED",Aprxmtly 12x12,Honed,"3/8"" (8.5mm)",$10.10,Mosaic
MXORA-7,"CARRARA WHITE 2"" MARBLE MOSAIC HEXAGON POLISHED",Aprxmtly 12x12,Polished,"3/8"" (8.5mm)",$10.10,Mosaic
MXEL-7,"CARRARA WHITE 2"" MARBLE MOSAIC LANTERN HONED",Aprxmtly 12x12,Honed,"3/8"" (8.5mm)",$14.50,Mosaic
MXORA-45,"CARRARA WHITE 2"" MARBLE MOSAIC LANTERN POLISHED",Aprxmtly 12x12,Polished,"3/8"" (8.5mm)",$14.50,Mosaic
MXORA-6,CARRARA WHITE 2X2 MARBLE MOSAIC SQUARE HONED,Aprxmtly 12x12,Honed,"3/8"" (8.5mm)",$8.50,Mosaic
MXORA-32,CARRARA WHITE 2X2 MARBLE MOSAIC SQUARE POLISHED,Aprxmtly 12x12,Polished,"3/8"" (8.5mm)",$8.50,Mosaic
MXORA-18,CARRARA WHITE 2X4 MARBLE MOSAIC DEEP BEVELED SUBWAY HONED,Aprxmtly 12x12,Honed,"3/8"" (8.5mm)",$10.45,Mosaic
MXORA-29,CARRARA WHITE 2X4 MARBLE MOSAIC STRAIGHT EDGE SUBWAY HONED,Aprxmtly 12x12,Honed,"3/8"" (8.5mm)",$9.35,Mosaic
MXORA-30,CARRARA WHITE 2X4 MARBLE MOSAIC STRAIGHT EDGE SUBWAY POLISHED,Aprxmtly 12x12,Polished,"3/8"" (8.5mm)",$8.50,Mosaic
MXORA-41,"CARRARA WHITE 3"" MARBLE MOSAIC HEXAGON HONED",Aprxmtly 12x12,Honed,"3/8"" (8.5mm)",$10.61,Mosaic
MXORA-58,"CARRARA WHITE 3"" MARBLE MOSAIC HEXAGON POLISHED",Aprxmtly 12x12,Polished,"3/8"" (8.5mm)",$10.61,Mosaic
MXORA-1,CARRARA WHITE 3/4X1 1/2 MARBLE MOSAIC BRICK HONED,Aprxmtly 12x12,Honed,"3/8"" (8.5mm)",$8.50,Mosaic
MXORA-25,CARRARA WHITE 3/4X1 1/2 MARBLE MOSAIC BRICK POLISHED,Aprxmtly 12x12,Polished,"3/8"" (8.5mm)",$8.50,Mosaic
MXEL-20,CARRARA WHITE MARBLE MOSAIC RANDOM STRIP HONED,Aprxmtly 12x12,Honed,"3/8"" (8.5mm)",$9.00,Mosaic
MXEL-13,CARRARA WHITE MARBLE MOSAIC RANDOM STRIP POLISHED,Aprxmtly 12x12,Polished,"3/8"" (8.5mm)",$9.00,Mosaic
MX150T,CLASSICO 5/8X5/8 TRAVERTINE MOSAIC TUMBLED,Aprxmtly 12x12,Antique,"3/8"" (8.5mm)",$5.25,Mosaic
MX365T,CLASSICO CONCAVE WITH GLASS TRAVERTINE MOSAIC TUMBLED,Aprxmtly 12x12,Antique,"3/8"" (8.5mm)",$11.50,Mosaic
MX133,CREMA MARFIL 2X2 MARBLE MOSAIC SQUARE TUMBLED,Aprxmtly 12x12,Antique,"3/8"" (8.5mm)",#N/A,Mosaic
TMD-8146-MOS,GASCOGNE BEIGE 2X2 LIMESTONE MOSAIC SQUARE HONED,Aprxmtly 12x12,Honed,"3/8"" (8.5mm)",$5.00,Mosaic
MX199T,IVORY 2X4 TRAVERTINE MOSAIC SPLITFACE TUMBLED,Aprxmtly 12x12,Honed,"3/8"" (8.5mm)",$5.00,Mosaic
MX201T,IVORY 2X6 TRAVERTINE MOSAIC SPLITFACE HONED,Aprxmtly 12x12,Honed,"3/8"" (8.5mm)",$6.90,Mosaic
MX221,MARBLE MIX 1X1 MARBLE MOSAIC POLISHED,Aprxmtly 12x12,Polished,"3/8"" (8.5mm)",$7.00,Mosaic
MX220,MARBLE MIX 2X2 MARBLE MOSAIC POLISHED,Aprxmtly 12x12,Polished,"3/8"" (8.5mm)",$6.50,Mosaic
MX219,MARBLE MIX 2X5/8 MARBLE MOSAIC POLISHED,Aprxmtly 12x12,Polished,"3/8"" (8.5mm)",$7.60,Mosaic
MX224,MARBLE MIX 5/8X5/8 MOSAIC POLISHED,Aprxmtly 12x12,Polished,"3/8"" (8.5mm)",$7.50,Mosaic
TMD-8149-MOS,MOCHA CREAM 2X2 LIMESTONE MOSAIC SQUARE HONED,Aprxmtly 12x12,Honed,"3/8"" (8.5mm)",$5.00,Mosaic
MX325T,NOCE 1X2 TRAVERTINE MOSAIC SPLITFACE TUMBLED,Aprxmtly 12x12,Honed,"3/8"" (8.5mm)",$6.25,Mosaic
MX189T,NOCE 1X2 TRAVERTINE MOSAIC TUMBLED,Aprxmtly 12x12,Antique,"3/8"" (8.5mm)",$5.50,Mosaic
MX364T,NOCE 2X2 TRAVERTINE MOSAIC HEXAGON HONED,Aprxmtly 12x12,Honed,"3/8"" (8.5mm)",$8.00,Mosaic
MX142T,NOCE 2X2 TRAVERTINE MOSAIC SQUARE TUMBLED,Aprxmtly 12x12,Antique,"3/8"" (8.5mm)",$4.75,Mosaic
MX200T,NOCE 2X4 TRAVERTINE MOSAIC SPLITFAC TUMBLED,Aprxmtly 12x12,Honed,"3/8"" (8.5mm)",$5.00,Mosaic
MX204T,NOCE 2X6 TRAVERTINE MOSAIC SPLITFACE TUMBLED,Aprxmtly 12x12,Honed,"3/8"" (8.5mm)",$6.25,Mosaic
MX361T,NOCE CLASSICO TRAVERTINE MOSAIC BASKET WEAEVE HONED,Aprxmtly 12x12,Honed,"3/8"" (8.5mm)",$5.25,Mosaic
MX290,OYSTER WHITE 2X2 MARBLE MOSAIC SQUARE HONED,Aprxmtly 12x12,Honed,"3/8"" (8.5mm)",$5.50,Mosaic
MX213,OYSTER WHITE 2X2 MARBLE MOSAIC SQUARE POLISHED,Aprxmtly 12x12,Polished,"3/8"" (8.5mm)",$5.50,Mosaic
MX255,SANDY BEIGE 1X2 MARBLE MOSAIC BASKETWEAVE POLISHED,Aprxmtly 12x12,Polished,"3/8"" (8.5mm)",$7.00,Mosaic
MX207,SANDY BEIGE 1X2 MARBLE MOSAIC BRICK HONED,Aprxmtly 12x12,Honed,"3/8"" (8.5mm)",$7.00,Mosaic
MX243,SANDY BEIGE 1X2 MARBLE MOSAIC BRICK POLISHED,Aprxmtly 12x12,Polished,"3/8"" (8.5mm)",$7.00,Mosaic
MX149,SANDY BEIGE 2X2 MARBLE MOSAIC SQUARE HONED,Aprxmtly 12x12,Honed,"3/8"" (8.5mm)",#N/A,Mosaic
MX204,SANDY BEIGE 2X2 MARBLE MOSAIC SQUARE POLISHED,Aprxmtly 12x12,Polished,"3/8"" (8.5mm)",$5.50,Mosaic
MX193,SANDY BEIGE 2X4 MARBLE MOSAIC BRICK HONED,Aprxmtly 12x12,Honed,"3/8"" (8.5mm)",$5.50,Mosaic
MX256,SANDY BEIGE WITH GLASS 5/8X2 1/2 MARBLE MOSAIC BRICK POLISHED,Aprxmtly 12x12,Polished,"3/8"" (8.5mm)",$9.00,Mosaic
MX257,SILVER WHITE GREY MARBLE MOSAIC RANDOM BRICK POLISHED,Aprxmtly 12x12,Polished,"3/8"" (8.5mm)",$8.50,Mosaic
MX211T,SILVER 1X2 TRAVERTINE MOSAIC SPLITFACE TUMBLED,Aprxmtly 12x12,Honed,"3/8"" (8.5mm)",$6.25,Mosaic
MX212T,SILVER 2X4 TRAVERTINE MOSAIC SPLITFACE TUMBLED,Aprxmtly 12x12,Honed,"3/8"" (8.5mm)",$5.00,Mosaic
MX216T,SILVER 2X6 TRAVERTINE MOSAIC SPLITFACE TUMBLED,Aprxmtly 12x12,Honed,"3/8"" (8.5mm)",$6.90,Mosaic
MX613,THASSOS WHITE 1X2 MARBLE MOSAIC HERRINGBONE POLISHED,Aprxmtly 12x12,Polished,"3/8"" (8.5mm)",$15.00,Mosaic
MX280,TUNDRA GREY 2X2 MARBLE MOSAIC SQUARE TUMBLED,Aprxmtly 12x12,Antique,"3/8"" (8.5mm)",$6.25,Mosaic
MX290T,TUSCANY GOLD 1X1 TRAVERTINE MOSAIC SQUARE TUMBLED,Aprxmtly 12x12,Antique,"3/8"" (8.5mm)",$5.00,Mosaic
MX294T,TUSCANY GOLD 1X2 HARLEQUIN TRAVERTINE MOSAIC DIAMOND TUMBLED,Aprxmtly 12x12,Antique,"3/8"" (8.5mm)",$5.50,Mosaic
MX198T,TUSCANY GOLD 1X2 TRAVERTINE MOSAIC DIAMOND TUMBLED,Aprxmtly 12x12,Antique,"3/8"" (8.5mm)",$5.50,Mosaic
MX326T,TUSCANY GOLD 1X2 TRAVERTINE MOSAIC SPLITFACE TUMBLED,Aprxmtly 12x12,Honed,"3/8"" (8.5mm)",$6.25,Mosaic
MX143T,TUSCANY GOLD 2X2 TRAVERTINE MOSAIC SQUARE TUMBLED,Aprxmtly 12x12,Antique,"3/8"" (8.5mm)",$4.75,Mosaic
MX310T,TUSCANY GOLD 2X4 TRAVERTINE MOSAIC SPLITFACE TUMBLED,Aprxmtly 12x12,Honed,"3/8"" (8.5mm)",$5.00,Mosaic
MX210T,TUSCANY GOLD 2X6 TRAVERTINE MOSAIC SPLITFACE TUMBLED,Aprxmtly 12x12,Honed,"3/8"" (8.5mm)",$6.25,Mosaic
MX131T,TUSCANY GOLD 5/8X5/8 TRAVERTINE MOSAIC SQUARE TUMBLED,Aprxmtly 12x12,Antique,"3/8"" (8.5mm)",$5.40,Mosaic
MX296T,VERDE LAGUNA 5/8X5/8 MARBLE MOSAIC SQUARE POLISHED,Aprxmtly 12x12,Polished,"3/8"" (8.5mm)",$11.00,Mosaic
MX423,WHITE DOLOMITE 1X4 MARBLE MOSAIC HERRINGBONE HONED,Aprxmtly 12x12,Honed,"3/8"" (8.5mm)",$17.60,Mosaic
MX421,"WHITE DOLOMITE 2"" MARBLE MOSAIC HEXAGON HONED",Aprxmtly 12x12,Honed,"3/8"" (8.5mm)",$17.60,Mosaic
MX424,WHITE DOLOMITE LARGE MABLE MOSAIC CHEVRON HONED,Aprxmtly 12x12,Honed,"3/8"" (8.5mm)",$17.60,Mosaic
MX422,WHITE DOLOMITE PICKET MARBLE MOSAIC HONED,Aprxmtly 12x12,Honed,"3/8"" (8.5mm)",$17.60,Mosaic
,,,,,,
NATURAL STONE PATTERNS,,,,,,
SKU,Description,Size,Finish,Thickness,Price,
MX855T-1,CHISELED WALNUT CONTINUOUS PATTERN BRUSHED,Pattern,Brushed,"1/2"" (12mm)",$4.95,Pattern
MX830T,CLASSICO CHISELED EDGE CONTINUOUS PATTERN FILLED HONED,Pattern,Honed,"1/2"" (12mm)",$5.25,Pattern
MX851T-1,CLASSICO CHISELED EDGE PATTERN UNFILLED HONED,Pattern,Brushed,"1/2"" (12mm)",$4.95,Pattern
MX862T,CLASSICO STRAIGHT EDGE PATTERN BRUSHED,Pattern,Brushed,"1/2"" (12mm)",$4.50,Pattern
MX861T,CLASSICO STRAIGHT EDGE TRAVERTINE PATTERN FILLED HONED,Pattern,Honed,"1/2"" (12mm)",$4.50,Pattern
MX833T,IVORY CHISELED EDGE CONTINUOUS PATTERN FILLED HONED,Pattern,Honed,"1/2"" (12mm)",$5.25,Pattern
MX885T,IVORY CHISELED EDGE PATTERN FILLED BRUSHED,Pattern,Brushed,"1/2"" (12mm)",$5.25,Pattern
MX880T,IVORY CHISELED EDGE PATTERN UNFILLED BRUSHED,Pattern,Brushed,"1/2"" (12mm)",$5.50,Pattern
MX863T,MEDITERRANEAN RUSTIC STRAIGHT EDGE PATTERN BRUSHED,Pattern,Brushed,"1/2"" (12mm)",$4.25,Pattern
MX867T,MULTICOLOR CHISELED EDGE PATTERN BRUSHED,Pattern,Brushed,"1/2"" (12mm)",$4.00,Pattern
MX881T,NOCE CHISELED EDGE CONTINUOUS PATTERN BRUSHED,Pattern,Brushed,"1/2"" (12mm)",$4.95,Pattern
MX802T,NOCE STRAIGHT EDGE PATTERN BRUSHED,Pattern,Brushed,"1/2"" (12mm)",$4.50,Pattern
MX348,SANDY BEIGE STRAIGHT EDGE PATTERN HONED,Pattern,Honed,"1/2"" (12mm)",$5.50,Pattern
MX877T,TUSACANY GOLD CHISELED EDGE CONTINUOUS PATTERN BRUSHED,Pattern,Brushed,"1/2"" (12mm)",$5.25,Pattern
MX884T,TUSCANY GOLD CHISELED EDGE PATTERN FILLED HONED,Pattern,Honed,"1/2"" (12mm)",$4.75,Pattern
,,,,,,
MEDALLION,,,,,,
SKU,Description,Size,Finish,Thickness,Price,
MX972,"MEDALLION 504 02 ROSE/GOLD 12""X36"" TUMBLED",12x36,Antique,"3/8"" (8.5mm)",$75.00,Medallion
MX977,MEDALLION MM-32X48-A-2 TUMBLED,32x48,Antique,"3/8"" (8.5mm)",$350.00,Medallion
MX978,MEDALLION MM-36X48-A-3 TUMBLED,36x48,Antique,"3/8"" (8.5mm)",$400.00,Medallion
MX980,MEDALLION MM-36X48-C-2 TUMBLED,36x48,Antique,"3/8"" (8.5mm)",$450.00,Medallion
MX911,MEDALLION MOSAIC ROUND #1180 24X24 TUMBLED,24X24,Antique,"3/8"" (8.5mm)",$100.00,Medallion
MX934,MEDALLION MOSAIC ELLIPSES #1421 48X48 TUMBLED,48X48,Antique,"3/8"" (8.5mm)",$250.00,Medallion
MX962,MEDALLION MOSAIC ROUND #1120 48X48 TUMBLED,48X48,Antique,"3/8"" (8.5mm)",$300.00,Medallion
MX905,"MEDALLION MOSAIC ROUND AKC 39"" WITH BLUE TUMBLED",39X39,Antique,"3/8"" (8.5mm)",$250.00,Medallion
MX958,"MEDALLION ROUND MOSAIC AKC #1000 39"" TUMBLED",39X39,Antique,"3/8"" (8.5mm)",$250.00,Medallion
MX970,"MEDALLION MOSAIC SQUARE #1020 48"" TUMBLED",48X48,Antique,"3/8"" (8.5mm)",$350.00,Medallion
MX959,"MEDALLION MOSAIC SQUARE #1250 48"" TUMBLED",48X48,Antique,"3/8"" (8.5mm)",$350.00,Medallion
MX918,"MEDALLION MOSAIC SQUARE #1500 48"" TUMBLED",48X48,Antique,"3/8"" (8.5mm)",$350.00,Medallion
MX921,"MEDALLION MOSAIC SQUARE #1550 48"" TUMBLED",48X48,Antique,"3/8"" (8.5mm)",$350.00,Medallion
MX936,"MEDALLION MOSAIC SQUARE #1600 48"" HONED",48X48,Honed,"3/8"" (8.5mm)",$450.00,Medallion
MX937,"MEDALLION MOSAIC SQUARE #1620 48"" TUMBLED",48X48,Antique,"3/8"" (8.5mm)",$450.00,Medallion
MX932,MEDALLION MOSAIC-SQUARE-18-A FRUIT BASKET TUMBLED,18X18,Antique,"3/8"" (8.5mm)",$150.00,Medallion
MX968,MEDALLION MOSAIC SQUARE-18-B-1 ROSTER R TUMBLED,18X18,Antique,"3/8"" (8.5mm)",$150.00,Medallion
MX971,MEDALLION MOSAIC SQUARE-18-B-2 ROSTER L TUMBLED,18X18,Antique,"3/8"" (8.5mm)",$150.00,Medallion
,,,,,,
DOLOMITE,,,,,,
SKU,Description,Size,Finish,Thickness,Price,Type
MX8188,SKY WHITE DOLOMITE HONED SLAB,Slab,Honed,"3/4""",$28.60,Slab
MX1231G,CALACATTA MATARAZZO DOLOMITE POLISHED SLAB,Slab,Polished,"3/4"" (2cm)",$27.00,Slab
MX1231GH,CALACATTA MATARAZZO DOLOMITE SELECT HONED SLAB,Slab,Honed,"3/4"" (2cm)",$40.00,Slab
,,,,,,
"LINERS, BASEBOARDS, CHAIR RAILS, POOL COPINGS",,,,,,
SKU,Description,Size,Finish,Thickness,Price,Type
MX281,BIANCO MARE 1/2X12 MARBLE PENCIL LINER POLISHED,1/2x12,Polished,"1/2""",$4.25,Chair rail
MX308,BIANCO MARE 2X12 MARBLE CHAIR RAIL HONED,2x12,Honed,"2""",$4.75,Chair rail
MX282,BIANCO MARE 2X12 MARBLE CHAIR RAIL POLISHED,2x12,Polished,"2""",$4.75,Chair rail
MX119,BOTTICINO 2X12 MARBLE CHAIR RAIL HONED,2x12,Honed,"2""",$4.35,Chair rail
MX247,BRECCIA GRIGIO 12X1 MARBLE DOME LINER POLISHED,1x12,Polished,"1""",$4.35,Liner
MX246,BRECCIA GRIGIO 2X12 MARBLE CHAIR RAIL POLISHED,2x12,Polished,"2""",$5.35,Baseboard
MX409,CALACATTA GOLD 1/2X12 MARBLE PENCIL LINER HONED,12X1/2,Honed,"1/2""",$8.80,Baseboard
MXORA-49,CALACATTA GOLD 1/2X12 MARBLE PENCIL LINER POLISHED,0.5x12,Polished,"1/2""",$8.03,Chair rail
MXORA-52,CALACATTA GOLD 2X12 MARBLE CHAIR RAIL POLISHED,2x12,Polished,"2""",$12.94,Chair rail
MXORA-62,CALACATTA GOLD 2x12 MARBLE LINER HONED,2x12,Honed,"2""",$12.94,Chair rail
MXORA-62,CALACATTA GOLD 2x12 MARBLE LINER HONED,2x12,Honed,"2""",$12.94,Chair rail
MXORA-65,CALACATTA GOLD 3/4X12 MARBLE DOME LINER HONED,3/4x12,Honed,"3/4""",$8.03,Liner
MXORA-65,CALACATTA GOLD 3/4X12 MARBLE DOME LINER HONED,3/4x12,Honed,"3/4""",$8.03,Dome liner
MXEL-12,CALACATTA GOLD 3/4X12 MARBLE DOME LINER POLISHED,3/4x12,Polished,"3/4""",$8.03,Dome liner
MXEL-12,CALACATTA GOLD 3/4X12 MARBLE DOME LINER POLISHED,3/4x12,Polished,"3/4""",$8.03,Chair rail
MXEL-12,CALACATTA GOLD 3/4X12 MARBLE DOME LINER POLISHED,3/4x12,Polished,"3/4""",$8.03,Liner
MXEL-12,CALACATTA GOLD 3/4X12 MARBLE DOME LINER POLISHED,3/4x12,Polished,"3/4""",$8.03,Liner
MXORA-47,CALACATTA GOLD CROWN 2X12 MARBLE CHAIR RAIL POLISHED,2x12,Polished,"2""",$13.97,Liner
MXEL-5,CARRARA WHITE 12X1/2 MARBLE PENCIL LINER HONED,1/2x12,Honed,"1/2""",$4.67,Liner
MXORA-27,CARRARA WHITE 2X12 MARBLE CHAIR RAIL HONED,2x12,Honed,"2""",$8.28,Liner
MXORA-5,CARRARA WHITE 2X12 MARBLE CHAIR RAIL POLISHED,2x12,Polished,"3/4""",$8.28,Chair rail
MXORA-31,CARRARA WHITE 3/4X12 MARBLE DOME LINER HONED,3/4x12,Honed,"3/4""",$4.67,Dome liner
MXORA-31,CARRARA WHITE 3/4X12 MARBLE DOME LINER HONED,3/4x12,Honed,"3/4""",$4.67,Liner
MXORA-17,CARRARA WHITE MERCER 2X12 MARBLE CHAIR RAIL HONED,2x12,Honed,"2""",$9.06,Dome liner
MXORA-28,CARRARA WHITE MERCER 2X12 MARBLE CHAIR RAIL POLISHED,2x12,Polished,"2""",$9.06,Chair rail
MX274T,CLASSICO 1/2X12 TRAVERTINE PENCIL LINER HONED,1/2x12,Honed,"1/2""",$2.50,Dome liner
MX323T,CLASSICO 1X12 TRAVERTINE L-CAP LINER HONED,1x12,Honed,"3/8""",$3.50,Rope liner
MX331T,CLASSICO 4X12 TRAVERTINE PALEDIAN DECO LINER TUMBLED TRAVERTINE,4x12,Antique,"3/8""",$4.00,Rope liner
MX2T,CLASSICO 4X12 TRAVERTINE POOL COPING HONED,4x12,Honed,"3/4""",$9.50,Pencil liner
MX319T,CLASSICO NOCE 5X12 WAFFLE TRAVERTINE DECO LINER TUMBLED TRAVERTINE,5x12,Antique,"3/8""",$2.50,Pencil liner
MX217T,CLASSICO WITH NOCE 4X12TRAVERTINE HEXAGON DECO LINER TUMBLED TRAVERTINE,4x12,Antique,"3/8""",$3.00,Pencil liner
MX219T,CLASSICO WITH TUSCANY GOLD 4X12 TRAVERTINE HEXAGON DECO LINER TUMBLED,4x12,Antique,"3/8""",$3.00,Chair rail
MX172-1,CREMA MARFIL 12X1 MARBLE DOME LINER HONED,1x12,Honed,"1""",#N/A,Liner
MX172,CREMA MARFIL 12X1 MARBLE DOME LINER POLISHED,1x12,Polished,"1""",#N/A,Chair rail
MX168-1,CREMA MARFIL 2X12 MARBLE CHAIR RAIL HONED,2x12,Honed,"2""",#N/A,Pool coping
MX168,CREMA MARFIL 2X12 MARBLE CHAIR RAIL POLISHED,2x12,Polished,"2""",#N/A,Dome liner
MX114,EMPERADOR DARK-TURKISH 2X12 MARBLE CHAIR RAIL POLISHED,2x12,Polished,"2""",$5.25,Pencil liner
MX301,EMPERADOR LIGHT 1/2X12 MARBLE PENCIL LINER POLISHED,1/2x12,Polished,"1/2""",$4.75,Pencil liner
MX302,EMPERADOR LIGHT 1/2X12MARBLE PENCIL LINER HONED,1/2x12,Honed,"1/2""",$4.75,Chair rail
MX207T,EMPERADOR LIGHT- TURKISH 5X12 MARBLE DECO LINER POLISHED,5X12,Polished,"3/8""",$5.00,Liner
MX300,EMPERADOR LIGHT-TURKISH 1X12 MARBLE DOME LINER POLISHED,1x12,Polished,"3/8"" (8.5mm)",$4.75,Liner
MX181,EMPERADOR LIGHT-TURKISH 2 1/2X12 MARBLE CHAIR RAIL HONED,2 1/2x12,Honed,"2 1/2""",$5.25,Liner
MX113H,EMPERADOR LIGHT-TURKISH 2X12 MARBLE CHAIR RAIL HONED,2x12,Honed,"2""",$5.25,Liner
MX113,EMPERADOR LIGHT-TURKISH 2X12 MARBLE CHAIR RAIL POLISHED,2x12,Polished,"2""",$5.25,Pencil liner
MX271T,IVORY 1X12 TRAVERTINE ROPE LINER HONED,1x12,Honed,1,$4.50,Chair rail
MX224T,IVORY 2X12 TRAVERTINE CHAIR RAIL HONED,2x12,Honed,2,$3.85,Dome liner
MX227T,IVORY 3/4X12 TRAVERTINE DOME LINER HONED,3/4x12,Honed,"3/4""",$2.50,Dome liner
MX273T,NOCE 1/2X12 TRAVERTINE PENCIL LINER HONED,1/2x12,Honed,"1/2""",$3.30,Dome liner
MX324T,NOCE 1X12 TRAVERTINE L-CAP LINER HONED,1x12,Honed,"1""",$3.50,Dome liner
MX98T,NOCE 2X12 TRAVERTINE CHAIR RAIL HONED,2x12,Honed,"2""",$3.85,Liner
MX154T,NOCE 5X12 TRAVERTINE BASEBOARD HONED,5x12,Honed,"3/4""",$4.50,Chair rail
MX170T,NOCE CLASSICO PATTERN 3X12 LINER TUMBLED,3x12,Antique,"3/8""",$3.20,Chair rail
MX182,ONYX 3 COLOR PATTERN 2X10.5 LINER,2x10 1/2,Polished,"3/8""",$5.00,Chair rail
MX292,OYSTER WHITE 1/2X12 MARBLE LINER POLISHED,1/2x12,Polished,"1/2""",$4.35,Dome liner
MX293,OYSTER WHITE 2X12 MARBLE CHAIR RAIL POLISHED,2x12,Polished,"2""",$4.35,Dome liner
MX165,SANDY BEIGE 2 1/2X12 MARBLE CHAIR RAIL POLISH,1/2x12,Polished,2 1/2,#N/A,Chair rail
MX164,SANDY BEIGE 2X12 MARBLE CHAIR RAIL POLISHED,2x12,Polished,2,#N/A,Pencil liner
MX12T,SCABOS 2X12 TRAVERTINE LINER HONED,2x12,Honed,2,$3.50,Chair rail
MX232T,TUSCANY GOLD 1X12 TRAVERTINE DOME LINER HONED,1x12,Honed,1,$2.50,Chair rail
MX272T,TUSCANY GOLD 1X12 TRAVERTINE ROPE LINER HONED,1x12,Honed,1,$4.50,Liner
MX230T,TUSCANY GOLD 3X12 TRAVERTINE LINER HONED,3x12,Honed,1,$4.00,Liner
MX156T,TUSCANY GOLD 5X12 TRAVERTINE BASEBOARD HONED,5x12,Honed,"3/4""",$4.50,Dome liner
MX222T,YELLOW 1/2X12 TRAVERTINE LINER HONED,2 1/2x12,Honed,"3/8"" (8.5mm)",$3.25,Dome liner