REWGCSQTRDGH22|79.99|Tread Lyle 47"
REWGCSQTRDGH21|79.99|Tread Boyd 47"
REWGCSQTRDGH18|79.99|Tread Paragon 47"
REWGCSQTRD702|79.99|Tread Arctic 47"
REWGCSQTRD5592|79.99|Tread Madison 47"
REWGCSQTRD5532|79.99|Tread Parkway 47"
REWGCSQTRD5527|79.99|Tread Quinn 47"
REWGCSQTRD529|79.99|Tread Marina 47"
REWGCSQTRD2625|79.99|Tread Shasta 47"
REWGCRD145524|21.99|Reducer Riverton 94"
REWGCRD142965|21.99|Reducer Anderson 94"
REWGCRD142760|21.99|Reducer Mitchell 94"
REWGCRD142640|21.99|Reducer Brighton 94"
REWGCRD142625|21.99|Reducer Shasta 94"
REWGCRD142000|21.99|Reducer Huntington 94"
REWGCRD14050|21.99|Reducer Malibu 94"
REWGCSQTRDGH08|79.99|Tread Bantry 47"
REWGCSQTRDGH15|79.99|Tread Cullinan 47"
REWGCSQTRDGH14|79.99|Tread Baroda 47"
REWGCSQTRDGH05|79.99|Tread Mayne 47"
REWGCSQTRDGH04|79.99|Tread Galiano 47"
REWGCSQTRD876|79.99|Tread Hickory 47"
REWGCSQTRD2965|79.99|Tread Anderson 47"
REWGCSQTRD2640|79.99|Tread Brighton 47"
REWGCSQTRD2293|79.99|Tread Perris 47"
REWGCSQTRD1866|79.99|Tread Natoma 47"
REWGCSQTRD1731|79.99|Tread Silverwood 47"
REWGCSQTRD1682|79.99|Tread Bayside 47"
REWGCSQTRD1309|79.99|Tread Capistrano 47"
REWGCSQTRD050|79.99|Tread Malibu 47"
REWGCRD14703|21.99|Reducer Wheat 94"
REWGCRD14702|21.99|Reducer Arctic 94"
REWGCRD145592|21.99|Reducer Madison 94"
REWGCRD145527|21.99|Reducer Quinn 94"
REWGCRD14529|21.99|Reducer Marina 94"
REWGCRD142367|21.99|Reducer Cornell 94"
REWGCRD142362|21.99|Reducer Davidson 94"
REWGCRD142293|21.99|Reducer Perris 94"
REWGCRD141866|21.99|Reducer Natoma 94"
REWGCRD141731|21.99|Reducer Silverwood 94"
REWGCRD141309|21.99|Reducer Capistrano 94"
REWGCSQTRDGH10|79.99|Tread Kenmare 47"
REWGCTM14876|21.99|T-Mold Hickory 94"
REWGCTM145524|21.99|T-Mold Riverton 94"
REWGCTM14529|21.99|T-Mold Marina 94"
REWGCTM142760|21.99|T-Mold Mitchell 94"
REWGCTM142362|21.99|T-Mold Davidson 94"
REWGCTM142293|21.99|T-Mold Perris 94"
REWGCTM141866|21.99|T-Mold Natoma 94"
REWGCTM141731|21.99|T-Mold Silverwood 94"
REWGCTM141682|21.99|T-Mold Bayside 94"
REWGCQR1703|9.99|Quarter Round Wheat 94"
REWGCQR1702|9.99|Quarter Round Arctic 94"
REWGCQR15592|9.99|Quarter Round Madison 94"
REWGCQR15532|9.99|Quarter Round Parkway 94"
REWGCQR1529|9.99|Quarter Round Marina 94"
REWGCQR12965|9.99|Quarter Round Anderson 94"
REWGCQR12000|9.99|Quarter Round Huntington 94"
REWGCTM14703|21.99|T-Mold Wheat 94"
REWGCTM14702|21.99|T-Mold Arctic 94"
REWGCTM145592|21.99|T-Mold Madison 94"
REWGCTM145532|21.99|T-Mold Parkway 94"
REWGCTM142965|21.99|T-Mold Anderson 94"
REWGCTM141350|21.99|T-Mold Manhattan 94"
REWGCTM141309|21.99|T-Mold Capistrano 94"
REWGCQR1876|9.99|Quarter Round Hickory 94"
REWGCQR15527|9.99|Quarter Round Quinn 94"
REWGCQR15524|9.99|Quarter Round Riverton 94"
REWGCQR12760|9.99|Quarter Round Mitchell 94"
REWGCQR12640|9.99|Quarter Round Brighton 94"
REWGCQR12625|9.99|Quarter Round Shasta 94"
REWGCQR12362|9.99|Quarter Round Davidson 94"
REWGCQR11866|9.99|Quarter Round Natoma 94"
REWGC94SQFNGH18|44.99|Stairnose Paragon 94"
REWGC94SQFNGH17|44.99|Stairnose Jubilee 94"
REWGC94SQFNGH14|44.99|Stairnose Baroda 94"
REWGC94SQFNGH05|44.99|Stairnose Mayne 94"
REWGC94SQFNGH02|44.99|Stairnose Crofton 94"
REWGC94SQFNGH01|44.99|Stairnose Argyle 94"
REWGC94SQFN5532|44.99|Stairnose Parkway 94"
REWGC94SQFN5527|44.99|Stairnose Quinn 94"
REWGC94SQFN529|44.99|Stairnose Marina 94"
REWGC94SQFN2965|44.99|Stairnose Anderson 94"
REWGC94SQFN2640|44.99|Stairnose Brighton 94"
REWGC94SQFN2367|44.99|Stairnose Cornell 94"
REWGC94SQFN2293|44.99|Stairnose Perris 94"
REWGC94SQFN2000|44.99|Stairnose Huntington 94"
REWGC94SQFN1731|44.99|Stairnose Silverwood 94"
REWGC94FN455592|44.99|Stairnose Madison 94"
REWGC94FN452640|44.99|Stairnose Brighton 94"
REWGC94FN451866|44.99|Stairnose Natoma 94"
REWGCRD18GH14|21.99|Reducer Baroda 94"
REWGCRD14GH24|21.99|Reducer Maryhill 94"
REWGCRD14GH22|21.99|Reducer Lyle 94"
REWGCRD14GH21|21.99|Reducer Boyd 94"
REWGCRD14GH07|21.99|Reducer Sidney 94"
REWGCRD14GH06|21.99|Reducer Sarita 94"
REWGCRD14GH03|21.99|Reducer Cassidy 94"
REWGCSQTRDGH26|79.99|Tread Saylor 47"
REWGCSQTRDGH25|79.99|Tread Pimbee 47"
REWGCSQTRDGH24|79.99|Tread Maryhill 47"
REWGCSQTRDGH20|79.99|Tread Bruneau 47"
REWGCSQTRDGH19|79.99|Tread Sancy 47"
REWGCSQTRDGH17|79.99|Tread Jubilee 47"
REWGCSQTRDGH16|79.99|Tread Hope 47"
REWGCSQTRDGH07|79.99|Tread Sidney 47"
REWGCSQTRDGH03|79.99|Tread Cassidy 47"
REWGCSQTRDGH02|79.99|Tread Crofton 47"
REWGCSQTRDGH01|79.99|Tread Argyle 47"
REWGCSQTRD703|79.99|Tread Wheat 47"
REWGCSQTRD5524|79.99|Tread Riverton 47"
REWGCSQTRD2760|79.99|Tread Mitchell 47"
REWGCSQTRD2362|79.99|Tread Davidson 47"
REWGCSQTRD2000|79.99|Tread Huntington 47"
REWGCSQTRD1350|79.99|Tread Manhattan 47"
REWGCRD14876|21.99|Reducer Hickory 94"
REWGCRD145532|21.99|Reducer Parkway 94"
REWGCRD141350|21.99|Reducer Manhattan 94"
REWGC94SQFNGH13|44.99|Stairnose Tralee 94"
REWGC94SQFNGH12|44.99|Stairnose Shannon 94"
REWGC94SQFNGH10|44.99|Stairnose Kenmare 94"
REWGC94FN451309|44.99|Stairnose Capistrano 94"
REWGCRD14GH13|21.99|Reducer Tralee 94"
REWGCRD14GH10|21.99|Reducer Kenmare 94"
REWGCRD14GH09|21.99|Reducer Dursey 94"
REWGCRD14GH08|21.99|Reducer Bantry 94"
REWGCEC14702|21.99|End Cap/Threshold Arctic 94"
REWGCEC142760|21.99|End Cap/Threshold Mitchell 94"
REWGCEC142293|21.99|End Cap/Threshold Perris 94"
REWGCEC142000|21.99|End Cap/Threshold Huntington 94"
REWGCSQTRDGH13|79.99|Tread Tralee 47"
REWGCSQTRDGH12|79.99|Tread Shannon 47"
REWGCSQTRDGH11|79.99|Tread Rodeen 47"
REWGC94SQFNGH26|44.99|Stairnose Saylor 94"
REWGC94SQFNGH25|44.99|Stairnose Pimbee 94"
REWGC94SQFNGH24|44.99|Stairnose Maryhill 94"
REWGC94SQFNGH21|44.99|Stairnose Boyd 94"
REWGC94SQFNGH15|44.99|Stairnose Cullinan 94"
REWGC94SQFN876|44.99|Stairnose Hickory 94"
REWGC94SQFN703|44.99|Stairnose Wheat 94"
REWGC94SQFN5590|44.99|Stairnose Elton 94"
REWGC94SQFN2760|44.99|Stairnose Mitchell 94"
REWGC94SQFN2625|44.99|Stairnose Shasta 94"
REWGC94SQFN1866|44.99|Stairnose Natoma 94"
REWGC94SQFN1350|44.99|Stairnose Manhattan 94"
REWGC94SQFN1309|44.99|Stairnose Capistrano 94"
REWGC94FN455527|44.99|Stairnose Quinn 94"
REWGC94FN45529|44.99|Stairnose Marina 94"
REWGC94FN452362|44.99|Stairnose Davidson 94"
REWGC94FN45050|44.99|Stairnose Malibu 94"
REWGCRD18GH19|21.99|Reducer Sancy 94"
REWGCRD18GH18|21.99|Reducer Paragon 94"
REWGCRD18GH17|21.99|Reducer Jubilee 94"
REWGCRD18GH16|21.99|Reducer Hope 94"
REWGCRD18GH15|21.99|Reducer Cullinan 94"
REWGCRD14GH26|21.99|Reducer Saylor 94"
REWGCRD14GH25|21.99|Reducer Pimbee 94"
REWGCRD14GH02|21.99|Reducer Crofton 94"
REWGC94SQFNGH08|44.99|Stairnose Bantry 94"
REWGC94FN452760|44.99|Stairnose Mitchell 94"
REWGC94FN452625|44.99|Stairnose Shasta 94"
REWGCRD14GH12|21.99|Reducer Shannon 94"
REWGCRD14GH11|21.99|Reducer Rodeen 94"
REWGCEC145527|21.99|End Cap/Threshold Quinn 94"
REWGCEC142625|21.99|End Cap/Threshold Shasta 94"
REWGCEC142362|21.99|End Cap/Threshold Davidson 94"
REWGCEC141866|21.99|End Cap/Threshold Natoma 94"
REWGCEC141309|21.99|End Cap/Threshold Capistrano 94"
REWGCEC14050|21.99|End Cap/Threshold Malibu 94"
REWGCTM18GH18|21.99|T-Mold Paragon 94"
REWGCTM18GH16|21.99|T-Mold Hope 94"
REWGCTM14GH24|21.99|T-Mold Maryhill 94"
REWGCTM14GH07|21.99|T-Mold Sidney 94"
REWGCQR1GH25|9.99|Quarter Round Pimbee 94"
REWGCQR1GH24|9.99|Quarter Round Maryhill 94"
REWGCQR1GH21|9.99|Quarter Round Boyd 94"
REWGCQR1GH19|9.99|Quarter Round Sancy 94"
REWGCQR1GH18|9.99|Quarter Round Paragon 94"
REWGCQR1GH02|9.99|Quarter Round Crofton 94"
REWGCSQTRDGH23|79.99|Tread Le Page 47"
REWGCTM145527|21.99|T-Mold Quinn 94"
REWGCTM142640|21.99|T-Mold Brighton 94"
REWGCTM142625|21.99|T-Mold Shasta 94"
REWGCTM142000|21.99|T-Mold Huntington 94"
REWGCTM14050|21.99|T-Mold Malibu 94"
REWGCQR12293|9.99|Quarter Round Perris 94"
REWGCQR11731|9.99|Quarter Round Silverwood 94"
REWGCQR11682|9.99|Quarter Round Bayside 94"
REWGCQR11350|9.99|Quarter Round Manhattan 94"
REWGCQR11309|9.99|Quarter Round Capistrano 94"
REWGCQR1050|9.99|Quarter Round Malibu 94"
REWGCTM18GH19|21.99|T-Mold Sancy 94"
REWGCTM18GH17|21.99|T-Mold Jubilee 94"
REWGCTM18GH14|21.99|T-Mold Baroda 94"
REWGCTM14GH26|21.99|T-Mold Saylor 94"
REWGCTM14GH25|21.99|T-Mold Pimbee 94"
REWGCTM14GH21|21.99|T-Mold Boyd 94"
REWGCTM14GH20|21.99|T-Mold Bruneau 94"
REWGCTM14GH04|21.99|T-Mold Galiano 94"
REWGCTM14GH03|21.99|T-Mold Cassidy 94"
REWGC94SQFNGH23|44.99|Stairnose Le Page 94"
REWGCQR1GH26|9.99|Quarter Round Saylor 94"
REWGCQR1GH22|9.99|Quarter Round Lyle 94"
REWGCQR1GH20|9.99|Quarter Round Bruneau 94"
REWGCQR1GH16|9.99|Quarter Round Hope 94"
REWGCQR1GH04|9.99|Quarter Round Galiano 94"
REWGCQR1GH01|9.99|Quarter Round Argyle 94"
REWGCTM14GH11|21.99|T-Mold Rodeen 94"
REWGC94FN45GH26|44.99|Stairnose Saylor 94"
REWGC94FN45GH24|44.99|Stairnose Maryhill 94"
REWGC94FN45GH07|44.99|Stairnose Sidney 94"
REWGC94FN45GH04|44.99|Stairnose Galiano 94"
REWGC94FN45GH01|44.99|Stairnose Argyle 94"
REWGCQR1GH12|9.99|Quarter Round Shannon 94"
REWGCQR1GH10|9.99|Quarter Round Kenmare 94"
REWGCTM14GH13|21.99|T-Mold Tralee 94"
REWGCTM14GH12|21.99|T-Mold Shannon 94"
REWGC94FN45GH25|44.99|Stairnose Pimbee 94"
REWGC94FN45GH21|44.99|Stairnose Boyd 94"
REWGC94FN45GH19|44.99|Stairnose Sancy 94"
REWGC94FN45GH15|44.99|Stairnose Cullinan 94"
REWGC94FN45GH02|44.99|Stairnose Crofton 94"
REWGCQR1GH13|9.99|Quarter Round Tralee 94"
REWGC94SQFNGH22|44.99|Stairnose Lyle 94"
REWGC94SQFNGH20|44.99|Stairnose Bruneau 94"
REWGC94SQFNGH19|44.99|Stairnose Sancy 94"
REWGC94SQFNGH16|44.99|Stairnose Hope 94"
REWGC94SQFNGH07|44.99|Stairnose Sidney 94"
REWGC94SQFNGH06|44.99|Stairnose Sarita 94"
REWGC94SQFNGH04|44.99|Stairnose Galiano 94"
REWGC94SQFNGH03|44.99|Stairnose Cassidy 94"
REWGC94SQFN702|44.99|Stairnose Arctic 94"
REWGC94SQFN5592|44.99|Stairnose Madison 94"
REWGC94SQFN5524|44.99|Stairnose Riverton 94"
REWGC94SQFN2362|44.99|Stairnose Davidson 94"
REWGC94SQFN050|44.99|Stairnose Malibu 94"
REWGC94FN45876|44.99|Stairnose Hickory 94"
REWGC94FN45703|44.99|Stairnose Wheat 94"
REWGC94FN45702|44.99|Stairnose Arctic 94"
REWGC94FN455532|44.99|Stairnose Parkway 94"
REWGC94FN455524|44.99|Stairnose Riverton 94"
REWGC94FN452965|44.99|Stairnose Anderson 94"
REWGC94FN452293|44.99|Stairnose Perris 94"
REWGC94FN452000|44.99|Stairnose Huntington 94"
REWGC94FN451731|44.99|Stairnose Silverwood 94"
REWGC94FN451350|44.99|Stairnose Manhattan 94"
REWGCRD14GH20|21.99|Reducer Bruneau 94"
REWGCRD14GH05|21.99|Reducer Mayne 94"
REWGCRD14GH04|21.99|Reducer Galiano 94"
REWGCRD14GH01|21.99|Reducer Argyle 94"
REWGC94FN45GH11|44.99|Stairnose Rodeen 94"
REWGC94FN45GH08|44.99|Stairnose Bantry 94"
REWGCEC18GH18|21.99|End Cap/Threshold Paragon 94"
REWGCEC18GH17|21.99|End Cap/Threshold Jubilee 94"
REWGCEC18GH15|21.99|End Cap/Threshold Cullinan 94"
REWGCEC18GH14|21.99|End Cap/Threshold Baroda 94"
REWGCEC14GH24|21.99|End Cap/Threshold Maryhill 94"
REWGCEC14GH22|21.99|End Cap/Threshold Lyle 94"
REWGCEC14GH07|21.99|End Cap/Threshold Sidney 94"
REWGCEC14GH05|21.99|End Cap/Threshold Mayne 94"
REWGCEC14GH03|21.99|End Cap/Threshold Cassidy 94"
REWGCEC14GH02|21.99|End Cap/Threshold Crofton 94"
REWGC94SQFNGH11|44.99|Stairnose Rodeen 94"
REWGCEC14876|21.99|End Cap/Threshold Hickory 94"
REWGCEC14703|21.99|End Cap/Threshold Wheat 94"
REWGCEC145592|21.99|End Cap/Threshold Madison 94"
REWGCEC145590|21.99|End Cap/Threshold Elton 94"
REWGCEC145532|21.99|End Cap/Threshold Parkway 94"
REWGCEC145524|21.99|End Cap/Threshold Riverton 94"
REWGCEC14529|21.99|End Cap/Threshold Marina 94"
REWGCEC142965|21.99|End Cap/Threshold Anderson 94"
REWGCEC142640|21.99|End Cap/Threshold Brighton 94"
REWGCEC141731|21.99|End Cap/Threshold Silverwood 94"
REWGCEC141682|21.99|End Cap/Threshold Bayside 94"
REWGCEC141350|21.99|End Cap/Threshold Manhattan 94"
REWGCTM14GH23|21.99|T-Mold Le Page 94"
REWGC94FN45GH13|44.99|Stairnose Tralee 94"
REWGC94FN45GH09|44.99|Stairnose Dursey 94"
REWGCEC18GH16|21.99|End Cap/Threshold Hope 94"
REWGCEC14GH26|21.99|End Cap/Threshold Saylor 94"
REWGCEC14GH25|21.99|End Cap/Threshold Pimbee 94"
REWGCEC14GH21|21.99|End Cap/Threshold Boyd 94"
REWGCEC14GH06|21.99|End Cap/Threshold Sarita 94"
REWGCEC14GH04|21.99|End Cap/Threshold Galiano 94"
REWGCEC14GH01|21.99|End Cap/Threshold Argyle 94"
REWGC94FN45GH23|44.99|Stairnose Le Page 94"
REWGCEC14GH09|21.99|End Cap/Threshold Dursey 94"
REWGCTM18GH15|21.99|T-Mold Cullinan 94"
REWGCTM14GH22|21.99|T-Mold Lyle 94"
REWGCTM14GH06|21.99|T-Mold Sarita 94"
REWGCTM14GH05|21.99|T-Mold Mayne 94"
REWGCTM14GH02|21.99|T-Mold Crofton 94"
REWGCTM14GH01|21.99|T-Mold Argyle 94"
REWGCRD14GH23|21.99|Reducer Le Page 94"
REWGCQR1GH17|9.99|Quarter Round Jubilee 94"
REWGCQR1GH15|9.99|Quarter Round Cullinan 94"
REWGCQR1GH14|9.99|Quarter Round Baroda 94"
REWGCQR1GH07|9.99|Quarter Round Sidney 94"
REWGCQR1GH06|9.99|Quarter Round Sarita 94"
REWGCQR1GH05|9.99|Quarter Round Mayne 94"
REWGCQR1GH03|9.99|Quarter Round Cassidy 94"
REWGCEC14GH10|21.99|End Cap/Threshold Kenmare 94"
REWGCTM14GH10|21.99|T-Mold Kenmare 94"
REWGCTM14GH09|21.99|T-Mold Dursey 94"
REWGCTM14GH08|21.99|T-Mold Bantry 94"
REWGC94FN45GH22|44.99|Stairnose Lyle 94"
REWGC94FN45GH20|44.99|Stairnose Bruneau 94"
REWGC94FN45GH18|44.99|Stairnose Paragon 94"
REWGC94FN45GH17|44.99|Stairnose Jubilee 94"
REWGC94FN45GH16|44.99|Stairnose Hope 94"
REWGC94FN45GH14|44.99|Stairnose Baroda 94"
REWGC94FN45GH06|44.99|Stairnose Sarita 94"
REWGC94FN45GH05|44.99|Stairnose Mayne 94"
REWGC94FN45GH03|44.99|Stairnose Cassidy 94"
REWGCQR1GH11|9.99|Quarter Round Rodeen 94"
REWGCQR1GH08|9.99|Quarter Round Bantry 94"
REWGC94FN45GH12|44.99|Stairnose Shannon 94"
REWGC94FN45GH10|44.99|Stairnose Kenmare 94"
REWGCQR1GH23|9.99|Quarter Round Le Page 94"
REWGCEC18GH19|21.99|End Cap/Threshold Sancy 94"
REWGCEC14GH20|21.99|End Cap/Threshold Bruneau 94"
REWGCEC14GH13|21.99|End Cap/Threshold Tralee 94"
REWGCEC14GH12|21.99|End Cap/Threshold Shannon 94"
REWGCEC14GH11|21.99|End Cap/Threshold Rodeen 94"
REWGCEC14GH08|21.99|End Cap/Threshold Bantry 94"
REWGCEC14GH23|21.99|End Cap/Threshold Le Page 94"
GEMWLFSN94SSSB|34.99|Stairnose Seabrook 94"
GEMWLFSN94SSGR|34.99|Stairnose Grayton 94"
GEMWLFSN94SSDR|34.99|Stairnose Delray 94"
GEMWLFSN94LSWR|34.99|Stairnose Warren 94"
GEMWLFSN94LSLO|34.99|Stairnose Loyola 94"
GEMWLFSN94LSHV|34.99|Stairnose Haven 94"
GEMWLFSN94LSHM|34.99|Stairnose Hamlin 94"
GEMWLFSN94LSCL|34.99|Stairnose Clermont 94"
GEMWLFSN94LSBV|34.99|Stairnose Bayview 94"
GEMWLRD94SSTS|24.99|Reducer Topsail 94"
GEMWLRD94LSOK|24.99|Reducer Oakwood 94"
GEMWLRD94LSCL|24.99|Reducer Clermont 94"
GEMWLRD94LSBW|24.99|Reducer Baldwin 94"
GEMWLRD94LSAU|24.99|Reducer Aurora 94"
GEMWLTM94SSTS|24.99|T-Mold Topsail 94"
GEMWLTM94SSGR|24.99|T-Mold Grayton 94"
GEMWLTM94SSBY|24.99|T-Mold Bethany 94"
GEMWLTM94SSAB|24.99|T-Mold Asbury 94"
GEMWLTM94LSHM|24.99|T-Mold Hamlin 94"
GEMWLTM94LSAU|24.99|T-Mold Aurora 94"
GEMWLRD94SSCM|24.99|Reducer Cape May 94"
GEMWLQR94SSPM|7.99|Quarter Round Pompano 94"
GEMWLQR94SSHL|7.99|Quarter Round Holden 94"
GEMWLQR94LSRN|7.99|Quarter Round Rangely 94"
GEMWLQR94LSLO|7.99|Quarter Round Loyola 94"
GEMWLQR94LSHV|7.99|Quarter Round Haven 94"
GEMWLQR94LSBW|7.99|Quarter Round Baldwin 94"
GEMWLQR94LSBV|7.99|Quarter Round Bayview 94"
GEMWLEC94SSTS|24.99|End Cap/Threshold Topsail 94"
GEMWLEC94SSSB|24.99|End Cap/Threshold Seabrook 94"
GEMWLEC94SSDR|24.99|End Cap/Threshold Delray 94"
GEMWLEC94SSBY|24.99|End Cap/Threshold Bethany 94"
GEMWLEC94LSHV|24.99|End Cap/Threshold Haven 94"
GEMWLEC94LSHM|24.99|End Cap/Threshold Hamlin 94"
GEMWLSN94SSMR|44.99|Stair Nosing - Overlap Myrtle 94"
GEMWLSN94SSDR|44.99|Stair Nosing - Overlap Delray 94"
GEMWLSN94SSBY|44.99|Stair Nosing - Overlap Bethany 94"
GEMWLSN94LSWR|44.99|Stair Nosing - Overlap Warren 94"
GEMWLEC94SSCM|24.99|End Cap/Threshold Cape May 94"
GEMWLFSN94SSMR|34.99|Stairnose Myrtle 94"
GEMWLFSN94SSBY|34.99|Stairnose Bethany 94"
GEMWLFSN94SSAB|34.99|Stairnose Asbury 94"
GEMWLFSN94LSRN|34.99|Stairnose Rangely 94"
GEMWLFSN94LSOK|34.99|Stairnose Oakwood 94"
GEMWLFSN94LSAU|34.99|Stairnose Aurora 94"
GEMWLRD94SSPM|24.99|Reducer Pompano 94"
GEMWLRD94SSMR|24.99|Reducer Myrtle 94"
GEMWLRD94SSGR|24.99|Reducer Grayton 94"
GEMWLRD94SSDR|24.99|Reducer Delray 94"
GEMWLRD94SSBY|24.99|Reducer Bethany 94"
GEMWLRD94LSWR|24.99|Reducer Warren 94"
GEMWLRD94LSLO|24.99|Reducer Loyola 94"
GEMWLRD94LSBV|24.99|Reducer Bayview 94"
GEMWLFSN94SSTS|34.99|Stairnose Topsail 94"
GEMWLFSN94SSPM|34.99|Stairnose Pompano 94"
GEMWLFSN94SSHL|34.99|Stairnose Holden 94"
GEMWLFSN94LSBW|34.99|Stairnose Baldwin 94"
GEMWLRD94SSSB|24.99|Reducer Seabrook 94"
GEMWLRD94SSHL|24.99|Reducer Holden 94"
GEMWLRD94SSAB|24.99|Reducer Asbury 94"
GEMWLRD94LSRN|24.99|Reducer Rangely 94"
GEMWLRD94LSHV|24.99|Reducer Haven 94"
GEMWLRD94LSHM|24.99|Reducer Hamlin 94"
GEMWLTM94SSHL|24.99|T-Mold Holden 94"
GEMWLTM94LSWR|24.99|T-Mold Warren 94"
GEMWLTM94LSLO|24.99|T-Mold Loyola 94"
GEMWLFSN94SSCM|34.99|Stairnose Cape May 94"
GEMWLQR94SSGR|7.99|Quarter Round Grayton 94"
GEMWLQR94SSDR|7.99|Quarter Round Delray 94"
GEMWLQR94SSBY|7.99|Quarter Round Bethany 94"
GEMWLQR94SSAB|7.99|Quarter Round Asbury 94"
GEMWLQR94LSOK|7.99|Quarter Round Oakwood 94"
GEMWLQR94LSCL|7.99|Quarter Round Clermont 94"
GEMWLQR94LSAU|7.99|Quarter Round Aurora 94"
GEMWLTM94SSSB|24.99|T-Mold Seabrook 94"
GEMWLTM94SSPM|24.99|T-Mold Pompano 94"
GEMWLTM94SSMR|24.99|T-Mold Myrtle 94"
GEMWLTM94SSDR|24.99|T-Mold Delray 94"
GEMWLTM94LSRN|24.99|T-Mold Rangely 94"
GEMWLTM94LSOK|24.99|T-Mold Oakwood 94"
GEMWLTM94LSHV|24.99|T-Mold Haven 94"
GEMWLTM94LSCL|24.99|T-Mold Clermont 94"
GEMWLTM94LSBW|24.99|T-Mold Baldwin 94"
GEMWLTM94LSBV|24.99|T-Mold Bayview 94"
GEMWLQR94SSTS|7.99|Quarter Round Topsail 94"
GEMWLQR94SSSB|7.99|Quarter Round Seabrook 94"
GEMWLQR94SSMR|7.99|Quarter Round Myrtle 94"
GEMWLQR94LSWR|7.99|Quarter Round Warren 94"
GEMWLQR94LSHM|7.99|Quarter Round Hamlin 94"
GEMWLTM94SSCM|24.99|T-Mold Cape May 94"
GEMWLQR94SSCM|7.99|Quarter Round Cape May 94"
GEMWLEC94SSPM|24.99|End Cap/Threshold Pompano 94"
GEMWLEC94SSMR|24.99|End Cap/Threshold Myrtle 94"
GEMWLEC94SSGR|24.99|End Cap/Threshold Grayton 94"
GEMWLEC94SSAB|24.99|End Cap/Threshold Asbury 94"
GEMWLEC94LSOK|24.99|End Cap/Threshold Oakwood 94"
GEMWLEC94LSCL|24.99|End Cap/Threshold Clermont 94"
GEMWLEC94LSBW|24.99|End Cap/Threshold Baldwin 94"
GEMWLEC94LSBV|24.99|End Cap/Threshold Bayview 94"
GEMWLEC94SSHL|24.99|End Cap/Threshold Holden 94"
GEMWLEC94LSWR|24.99|End Cap/Threshold Warren 94"
GEMWLEC94LSRN|24.99|End Cap/Threshold Rangely 94"
GEMWLEC94LSLO|24.99|End Cap/Threshold Loyola 94"
GEMWLEC94LSAU|24.99|End Cap/Threshold Aurora 94"
GEMWLSN94SSTS|44.99|Stair Nosing - Overlap Topsail 94"
GEMWLSN94SSSB|44.99|Stair Nosing - Overlap Seabrook 94"
GEMWLSN94SSPM|44.99|Stair Nosing - Overlap Pompano 94"
GEMWLSN94SSHL|44.99|Stair Nosing - Overlap Holden 94"
GEMWLSN94LSRN|44.99|Stair Nosing - Overlap Rangely 94"
GEMWLSN94LSOK|44.99|Stair Nosing - Overlap Oakwood 94"
GEMWLSN94LSHM|44.99|Stair Nosing - Overlap Hamlin 94"
GEMWLSN94LSBV|44.99|Stair Nosing - Overlap Bayview 94"
GEMWLSN94SSGR|44.99|Stair Nosing - Overlap Grayton 94"
GEMWLSN94SSAB|44.99|Stair Nosing - Overlap Asbury 94"
GEMWLSN94LSLO|44.99|Stair Nosing - Overlap Loyola 94"
GEMWLSN94LSHV|44.99|Stair Nosing - Overlap Haven 94"
GEMWLSN94LSCL|44.99|Stair Nosing - Overlap Clermont 94"
GEMWLSN94LSBW|44.99|Stair Nosing - Overlap Baldwin 94"
GEMWLSN94LSAU|44.99|Stair Nosing - Overlap Aurora 94"
GEMWLSN94SSCM|44.99|Stair Nosing - Overlap Cape May 94"