REWGC20GNBN|1.69|Garnet 20mil X 7" X 48" Bantry
REWGC20CRAG|1.89|Crystal 20mil X 9" X 60" Argyle
REWLVT3ADVOS|1.69|Advantage II 20mil 7 X 48" Sunbeam
REWLVT3ADVAO|1.69|Advantage II 20mil 7 X 48" Aged Oak
REWLVT2MEDWB|0.99|Meridian II 12mil 7 X 48" Beckett
REWGC20JSSY|2.19|Jasper 20mil X 9" X 73" Saylor
REWGC20JSMH|2.19|Jasper 20mil X 9" X 73" Maryhill
REWGC20JSBR|2.19|Jasper 20mil X 9" X 73" Bruneau
REWGC20GNSH|1.69|Garnet 20mil X 7" X 48" Shannon
REWGC20CRMA|1.89|Crystal 20mil X 9" X 60" Mayne
REWLVT3ADVOR|1.69|Advantage II 20mil 7 X 48" Riverstone
REWLVT3ADVOF|1.69|Advantage II 20mil 7 X 48" Frost
REWLVT2MEDKE|0.99|Meridian II 12mil 7 X 48" Kenton
REWLVT2MEDGR|0.99|Meridian II 12mil 7 X 48" Graham
REWGC20JSPM|2.19|Jasper 20mil X 9" X 73" Pimbee
REWGC20GNKN|1.69|Garnet 20mil X 7" X 48" Kenmare
REWGC20GNDS|1.69|Garnet 20mil X 7" X 48" Dursey
REWGC20CRSR|1.89|Crystal 20mil X 9" X 60" Sarita
REWGC20CRCR|1.89|Crystal 20mil X 9" X 60" Crofton
REWLVTGC20RVV|2.29|Sapphire 20mil X 9" X 72" Riverton
REWLVTGC20PEV|1.34|Sapphire 20mil X 9" X 72" Pierre
REWLVTGC20MHV|1.28|Topaz 20mil X 7" X 48" Manhattan
REWLVTGC20HTV|1.89|Onyx 20mil X 9" X 60" Huntington
REWLVTGC20BSV|1.39|Topaz 20mil X 7" X 48" Bayside
REWLVTGC20ATV|1.99|Opal 20mil X 7" X 48" Arctic
REWLVT3ADVHS|1.69|Advantage II 20mil 7 X 48" Snow
REWLVT2MEDAB|0.99|Meridian II 12mil 7 X 48" Auburn
REWLVTGC20WTV|1.99|Opal 20mil X 7" X 48" Wheat
REWLVTGC20SVV|1.99|Opal 20mil X 7" X 48" Silverwood
REWLVTGC20SHV|1.99|Opal 20mil X 7" X 48" Shasta
REWLVTGC20NTV|1.99|Opal 20mil X 7" X 48" Natoma
REWLVTGC20MRV|2.29|Topaz 20mil X 7" X 48" Marina
REWLVTGC20HYV|1.99|Opal 20mil X 7" X 48" Hickory
REWLVTGC20ETV|2.29|Sapphire 20mil X 9" X 72" Elton
REWLVTGC20BTV|2.59|Onyx 20mil X 9" X 60" Brighton
REWLVTGC20ANV|2.29|Sapphire 20mil X 9" X 72" Anderson
REWLVT3ADVRO|1.69|Advantage II 20mil 7 X 48" Raw Oak
REWLVT2MEDFO|0.99|Meridian II 12mil 7 X 48" Frosted Oak
REWGC28DMJB2|2.29|Diamond 28mil X 9" X 60" Jubilee
REWGC28DMHP2|2.29|Diamond 28mil X 9" X 60" Hope
REWGC28DMCU2|2.29|Diamond 28mil X 9" X 60" Cullinan
REWGC28DMBD2|2.29|Diamond 28mil X 9" X 60" Baroda
REWLVT3ADVPM|1.69|Advantage II 20mil 7 X 48" Polar Maple
REWLVT3ADVCO|1.69|Advantage II 20mil 7 X 48" Caramel Oak
REWGC28DMPG2|2.29|Diamond 28mil X 9" X 60" Paragon
REWLVT3ADVOL|1.69|Advantage II 20mil 7 X 48" Latte
REWLVT2MEDSN|0.99|Meridian II 12mil 7 X 48" Sienna
REWLVT2MEDSH|0.99|Meridian II 12mil 7 X 48" Shay
REWLVT2MEDCH|0.99|Meridian II 12mil 7 X 48" Cheyenne
REWGC20JSLL|2.19|Jasper 20mil X 9" X 73" Lyle
REWGC20JSBY|2.19|Jasper 20mil X 9" X 73" Boyd
REWGC20GNTL|1.69|Garnet 20mil X 7" X 48" Tralee
REWGC20GNRD|1.69|Garnet 20mil X 7" X 48" Rodeen
REWGC20CRSY|1.89|Crystal 20mil X 9" X 60" Sidney
REWGC20CRGL|1.89|Crystal 20mil X 9" X 60" Galiano
REWGC20CRCS|1.89|Crystal 20mil X 9" X 60" Cassidy
REWLVTGC20QNV|2.29|Sapphire 20mil X 9" X 72" Quinn
REWLVTGC20PRV|1.99|Opal 20mil X 7" X 48" Perris
REWLVTGC20PKV|2.29|Sapphire 20mil X 9" X 72" Parkway
REWLVTGC20MLV|2.29|Sapphire 20mil X 9" X 72" Mitchell
REWLVTGC20MDV|2.29|Sapphire 20mil X 9" X 72" Madison
REWLVTGC20MBV|2.29|Topaz 20mil X 7" X 48" Malibu
REWLVTGC20DVV|2.59|Onyx 20mil X 9" X 60" Davidson
REWLVTGC20CAV|2.29|Topaz 20mil X 7" X 48" Capistrano
REWLVT3ADVBP|1.69|Advantage II 20mil 7 X 48" Black Pearl
REWGC28DMSN2|2.29|Diamond 28mil X 9" X 60" Sancy
REWGC20JSLP|2.19|Jasper 20mil X 9" X 73" Le Page
REWLVTGC20SCV|1.39|Onyx 20mil X 9" X 60" Santa Cruz
GEMWL129SSSB|2.99|Seaside 1/2" X 9-1/4" Seabrook
GEMWL129SSPM|2.99|Seaside 1/2" X 9-1/4" Pompano
GEMWL129SSGR|2.99|Seaside 1/2" X 9-1/4" Grayton
GEMWL127LSOK|2.69|Lakeshore 1/2" X 7-1/2" Oakwood
GEMWL127LSCL|2.69|Lakeshore 1/2" X 7-1/2" Clermont
GEMWL127LSBW|2.69|Lakeshore 1/2" X 7-1/2" Baldwin
GEMWL129SSTS|2.99|Seaside 1/2" X 9-1/4" Topsail
GEMWL129SSHL|2.99|Seaside 1/2" X 9-1/4" Holden
GEMWL129SSDR|2.99|Seaside 1/2" X 9-1/4" Delray
GEMWL127LSBV|2.69|Lakeshore 1/2" X 7-1/2" Bayview
GEMWL129SSMR|2.99|Seaside 1/2" X 9-1/4" Myrtle
GEMWL129SSBY|2.99|Seaside 1/2" X 9-1/4" Bethany
GEMWL129SSAB|2.99|Seaside 1/2" X 9-1/4" Asbury
GEMWL127LSWR|2.69|Lakeshore 1/2" X 7-1/2" Warren
GEMWL127LSRN|2.69|Lakeshore 1/2" X 7-1/2" Rangely
GEMWL127LSLO|2.69|Lakeshore 1/2" X 7-1/2" Loyola
GEMWL127LSHV|2.69|Lakeshore 1/2" X 7-1/2" Haven
GEMWL127LSHM|2.69|Lakeshore 1/2" X 7-1/2" Hamlin
GEMWL129SSCM|2.99|Seaside 1/2" X 9-1/4" Cape May
GEMWL127LSAU|2.69|Lakeshore 1/2" X 7-1/2" Aurora